"Dim1","Dim2","Dim3","Dim4","Val"
"0","Aluminum","UnitedStates","ratio",670000
"0","Aluminum","UnitedStates","abs",872294.747148642
"0","Aluminum","Australia","ratio",1500000
"0","Aluminum","Australia","abs",1702294.74786643
"0","Aluminum","Bahrain","ratio",1600000
"0","Aluminum","Bahrain","abs",1802294.74667977
"0","Aluminum","Brazil","ratio",1100000
"0","Aluminum","Brazil","abs",1302294.74729026
"0","Aluminum","Canada","ratio",3300000
"0","Aluminum","Canada","abs",3502294.74608396
"0","Aluminum","China","ratio",43000000
"0","Aluminum","China","abs",43266003.9881034
"0","Aluminum","Iceland","ratio",780000
"0","Aluminum","Iceland","abs",982294.747041612
"0","Aluminum","India","ratio",4200000
"0","Aluminum","India","abs",4402294.74721774
"0","Aluminum","Malaysia","ratio",870000
"0","Aluminum","Malaysia","abs",1072294.74704186
"0","Aluminum","Norway","ratio",1300000
"0","Aluminum","Norway","abs",1502294.74703415
"0","Aluminum","Russia","ratio",3800000
"0","Aluminum","Russia","abs",4002294.74704541
"0","Aluminum","UnitedArabEmirates","ratio",2700000
"0","Aluminum","UnitedArabEmirates","abs",2902294.74725823
"0","Aluminum","Othercountries","ratio",6800000
"0","Aluminum","Othercountries","abs",7002294.74702234
"0","Boron","China","ratio",340000
"0","Boron","China","abs",371101.429468536
"0","Boron","Russia","ratio",80000
"0","Boron","Russia","abs",111101.43086623
"0","Boron","Argentina","ratio",160000
"0","Boron","Argentina","abs",191101.428180533
"0","Boron","Bolivia","ratio",230000
"0","Boron","Bolivia","abs",261101.427220718
"0","Boron","Chile","ratio",420000
"0","Boron","Chile","abs",451101.426199672
"0","Boron","Germany","ratio",40000
"0","Boron","Germany","abs",71101.4255905261
"0","Boron","Peru","ratio",300000
"0","Boron","Peru","abs",331101.427253845
"0","Boron","Turkey","ratio",3000000
"0","Boron","Turkey","abs",3039981.75517824
"0","Cadmium","UnitedStates","ratio",300
"0","Cadmium","UnitedStates","abs",302.053776455495
"0","Cadmium","Australia","ratio",900
"0","Cadmium","Australia","abs",905.107710934807
"0","Cadmium","Canada","ratio",1700
"0","Cadmium","Canada","abs",1702.49417935468
"0","Cadmium","China","ratio",9300
"0","Cadmium","China","abs",9300.66517110666
"0","Cadmium","Norway","ratio",350
"0","Cadmium","Norway","abs",353.684155573517
"0","Cadmium","Russia","ratio",800
"0","Cadmium","Russia","abs",801.134829472239
"0","Cadmium","Germany","ratio",170
"0","Cadmium","Germany","abs",172.705560155442
"0","Cadmium","Peru","ratio",620
"0","Cadmium","Peru","abs",623.76594767513
"0","Cadmium","Bulgaria","ratio",300
"0","Cadmium","Bulgaria","abs",302.357889212672
"0","Cadmium","Japan","ratio",1700
"0","Cadmium","Japan","abs",1702.24226200942
"0","Cadmium","Kazakhstan","ratio",1000
"0","Cadmium","Kazakhstan","abs",1000.19191215188
"0","Cadmium","RepublicofKorea","ratio",4500
"0","Cadmium","RepublicofKorea","abs",4501.57821024162
"0","Cadmium","Mexico","ratio",1200
"0","Cadmium","Mexico","abs",1203.92411545737
"0","Cadmium","Netherlands","ratio",400
"0","Cadmium","Netherlands","abs",401.590277199687
"0","Cadmium","Poland","ratio",250
"0","Cadmium","Poland","abs",259.31486956502
"0","Cadmium","Uzbekistan","ratio",200
"0","Cadmium","Uzbekistan","abs",157.186345623629
"0","Chromium","Brazil","ratio",1400000
"0","Chromium","Brazil","abs",1399999.99999545
"0","Chromium","India","ratio",4100000
"0","Chromium","India","abs",4099999.99999637
"0","Chromium","Othercountries","ratio",2900000
"0","Chromium","Othercountries","abs",2899999.99999817
"0","Chromium","Turkey","ratio",8000000
"0","Chromium","Turkey","abs",7999999.99999842
"0","Chromium","Kazakhstan","ratio",6500000
"0","Chromium","Kazakhstan","abs",6499999.99999853
"0","Chromium","Finland","ratio",1900000
"0","Chromium","Finland","abs",1900000.00001031
"0","Chromium","SouthAfrica","ratio",21000000
"0","Chromium","SouthAfrica","abs",20999999.9999987
"0","Chromium","Zimbabwe","ratio",1100000
"0","Chromium","Zimbabwe","abs",1099999.99999611
"0","Cobalt","UnitedStates","ratio",300
"0","Cobalt","UnitedStates","abs",9903.20725824043
"0","Cobalt","Australia","ratio",3600
"0","Cobalt","Australia","abs",13203.2217031371
"0","Cobalt","Canada","ratio",4500
"0","Cobalt","Canada","abs",14103.2225076582
"0","Cobalt","Russia","ratio",8700
"0","Cobalt","Russia","abs",18303.2204920301
"0","Cobalt","Othercountries","ratio",6200
"0","Cobalt","Othercountries","abs",15803.2208192042
"0","Cobalt","Turkey","ratio",2700
"0","Cobalt","Turkey","abs",12303.2220381366
"0","Cobalt","Congo","ratio",220000
"0","Cobalt","Congo","abs",103803.439190289
"0","Cobalt","Cuba","ratio",3500
"0","Cobalt","Cuba","abs",13103.2205373016
"0","Cobalt","Indonesia","ratio",28000
"0","Cobalt","Indonesia","abs",38633.9258203964
"0","Cobalt","Madagascar","ratio",2600
"0","Cobalt","Madagascar","abs",12203.2236239119
"0","Cobalt","NewCaledonia","ratio",1500
"0","Cobalt","NewCaledonia","abs",11103.2250694671
"0","Cobalt","PapuaNewGuinea","ratio",2800
"0","Cobalt","PapuaNewGuinea","abs",12403.2214571666
"0","Cobalt","Philippines","ratio",3800
"0","Cobalt","Philippines","abs",13403.2207675479
"0","Copper","UnitedStates","ratio",1100000
"0","Copper","UnitedStates","abs",1100000.00032354
"0","Copper","Australia","ratio",800000
"0","Copper","Australia","abs",800000.000277129
"0","Copper","Canada","ratio",450000
"0","Copper","Canada","abs",450000.000924639
"0","Copper","China","ratio",1800000
"0","Copper","China","abs",1800000.00031812
"0","Copper","India","ratio",30000
"0","Copper","India","abs",29999.990796491
"0","Copper","Russia","ratio",930000
"0","Copper","Russia","abs",930000.000482116
"0","Copper","Othercountries","ratio",2700000
"0","Copper","Othercountries","abs",2700000.0003194
"0","Copper","Chile","ratio",5300000
"0","Copper","Chile","abs",5300000.00032021
"0","Copper","Peru","ratio",2600000
"0","Copper","Peru","abs",2600000.00032148
"0","Copper","Kazakhstan","ratio",740000
"0","Copper","Kazakhstan","abs",740000.000326693
"0","Copper","Mexico","ratio",700000
"0","Copper","Mexico","abs",700000.000329856
"0","Copper","Poland","ratio",410000
"0","Copper","Poland","abs",409999.99975149
"0","Copper","Congo","ratio",3300000
"0","Copper","Congo","abs",3300000.0003158
"0","Copper","Indonesia","ratio",1100000
"0","Copper","Indonesia","abs",1100000.00033105
"0","Copper","Zambia","ratio",680000
"0","Copper","Zambia","abs",680000.000334931
"0","RareEarths","UnitedStates","ratio",45000
"0","RareEarths","UnitedStates","abs",46981.8866771591
"0","RareEarths","Australia","ratio",13000
"0","RareEarths","Australia","abs",14981.9090863679
"0","RareEarths","Brazil","ratio",20
"0","RareEarths","Brazil","abs",2001.87515027212
"0","RareEarths","China","ratio",270000
"0","RareEarths","China","abs",272633.692426134
"0","RareEarths","India","ratio",2900
"0","RareEarths","India","abs",4881.87230810846
"0","RareEarths","Malaysia","ratio",130
"0","RareEarths","Malaysia","abs",2111.87677657861
"0","RareEarths","Russia","ratio",2500
"0","RareEarths","Russia","abs",4481.88088290301
"0","RareEarths","Othercountries","ratio",1100
"0","RareEarths","Othercountries","abs",3081.87408150661
"0","RareEarths","Madagascar","ratio",2000
"0","RareEarths","Madagascar","abs",3981.88099871564
"0","RareEarths","Burma","ratio",31000
"0","RareEarths","Burma","abs",32981.8746464753
"0","RareEarths","Nigeria","ratio",13000
"0","RareEarths","Nigeria","abs",14981.8674966535
"0","RareEarths","Thailand","ratio",13000
"0","RareEarths","Thailand","abs",14981.8227103041
"0","RareEarths","Vietnam","ratio",300
"0","RareEarths","Vietnam","abs",2281.87168127069
"0","Lead","UnitedStates","ratio",300000
"0","Lead","UnitedStates","abs",300000.000274766
"0","Lead","Australia","ratio",430000
"0","Lead","Australia","abs",430000.000079546
"0","Lead","China","ratio",1900000
"0","Lead","China","abs",1899999.99990855
"0","Lead","India","ratio",220000
"0","Lead","India","abs",219999.999715322
"0","Lead","Russia","ratio",220000
"0","Lead","Russia","abs",219999.999973047
"0","Lead","Othercountries","ratio",520000
"0","Lead","Othercountries","abs",519999.99973187
"0","Lead","Bolivia","ratio",60000
"0","Lead","Bolivia","abs",60000.0034744933
"0","Lead","Peru","ratio",270000
"0","Lead","Peru","abs",270000.000005882
"0","Lead","Turkey","ratio",70000
"0","Lead","Turkey","abs",69999.9994059044
"0","Lead","Mexico","ratio",180000
"0","Lead","Mexico","abs",180000.00012264
"0","Lead","Iran","ratio",60000
"0","Lead","Iran","abs",59999.9978358846
"0","Lead","Sweden","ratio",70000
"0","Lead","Sweden","abs",70000.0005205014
"0","Lead","Tajikistan","ratio",40000
"0","Lead","Tajikistan","abs",39999.9993580969
"0","Lithium","Australia","ratio",88000
"0","Lithium","Australia","abs",88000.7007599762
"0","Lithium","Brazil","ratio",10000
"0","Lithium","Brazil","abs",10001.2012262386
"0","Lithium","Canada","ratio",4300
"0","Lithium","Canada","abs",4301.73366449538
"0","Lithium","China","ratio",41000
"0","Lithium","China","abs",41001.1057118451
"0","Lithium","Argentina","ratio",18000
"0","Lithium","Argentina","abs",18001.1683182234
"0","Lithium","Chile","ratio",49000
"0","Lithium","Chile","abs",49001.0790221367
"0","Lithium","Zimbabwe","ratio",22000
"0","Lithium","Zimbabwe","abs",22001.1552921138
"0","Lithium","Namibia","ratio",2700
"0","Lithium","Namibia","abs",2697.80806883885
"0","Lithium","Portugal","ratio",380
"0","Lithium","Portugal","abs",374.08060331623
"0","Molybdenum","UnitedStates","ratio",33000
"0","Molybdenum","UnitedStates","abs",32999.6501721119
"0","Molybdenum","Australia","ratio",1000
"0","Molybdenum","Australia","abs",997.218083563346
"0","Molybdenum","Canada","ratio",1200
"0","Molybdenum","Canada","abs",1205.08082290729
"0","Molybdenum","China","ratio",110000
"0","Molybdenum","China","abs",109999.747240914
"0","Molybdenum","Russia","ratio",1700
"0","Molybdenum","Russia","abs",1696.28835005532
"0","Molybdenum","Chile","ratio",38000
"0","Molybdenum","Chile","abs",37999.6492100799
"0","Molybdenum","Peru","ratio",41000
"0","Molybdenum","Peru","abs",40999.6577975241
"0","Molybdenum","Kazakhstan","ratio",3900
"0","Molybdenum","Kazakhstan","abs",3901.31941552553
"0","Molybdenum","RepublicofKorea","ratio",300
"0","Molybdenum","RepublicofKorea","abs",303.694924059435
"0","Molybdenum","Mexico","ratio",17000
"0","Molybdenum","Mexico","abs",16999.6744253369
"0","Molybdenum","Uzbekistan","ratio",1700
"0","Molybdenum","Uzbekistan","abs",1696.2874235978
"0","Molybdenum","Iran","ratio",3000
"0","Molybdenum","Iran","abs",2999.83595118395
"0","Molybdenum","Armenia","ratio",8000
"0","Molybdenum","Armenia","abs",7999.58595353114
"0","Molybdenum","NorthKorea","ratio",700
"0","Molybdenum","NorthKorea","abs",702.358912676406
"0","Molybdenum","Mongolia","ratio",3100
"0","Molybdenum","Mongolia","abs",3099.94744874404
"0","Nickel","UnitedStates","ratio",8000
"0","Nickel","UnitedStates","abs",38080.1662903062
"0","Nickel","Australia","ratio",110000
"0","Nickel","Australia","abs",140080.171553447
"0","Nickel","Brazil","ratio",77000
"0","Nickel","Brazil","abs",107080.166263335
"0","Nickel","Canada","ratio",190000
"0","Nickel","Canada","abs",220080.16590376
"0","Nickel","China","ratio",120000
"0","Nickel","China","abs",150080.166983631
"0","Nickel","Russia","ratio",210000
"0","Nickel","Russia","abs",240080.167049813
"0","Nickel","Othercountries","ratio",300000
"0","Nickel","Othercountries","abs",330080.166204276
"0","Nickel","Indonesia","ratio",2200000
"0","Nickel","Indonesia","abs",2034727.01123418
"0","Nickel","NewCaledonia","ratio",110000
"0","Nickel","NewCaledonia","abs",140080.166828824
"0","Nickel","Philippines","ratio",330000
"0","Nickel","Philippines","abs",360080.166181774
"0","Niobium","Brazil","ratio",100000
"0","Niobium","Brazil","abs",32152.0889417298
"0","Niobium","Canada","ratio",7100
"0","Niobium","Canada","abs",20672.3638081946
"0","Niobium","Russia","ratio",350
"0","Niobium","Russia","abs",13922.3660095852
"0","Niobium","Othercountries","ratio",120
"0","Niobium","Othercountries","abs",13692.352791097
"0","Niobium","Congo","ratio",700
"0","Niobium","Congo","abs",14272.354015365
"0","Niobium","Rwanda","ratio",200
"0","Niobium","Rwanda","abs",13772.3598925197
"0","Selenium","Canada","ratio",130
"0","Selenium","Canada","abs",154.874454077606
"0","Selenium","China","ratio",1800
"0","Selenium","China","abs",1825.58115916742
"0","Selenium","India","ratio",14
"0","Selenium","India","abs",7.03394711443399
"0","Selenium","Russia","ratio",340
"0","Selenium","Russia","abs",366.582218823802
"0","Selenium","Germany","ratio",50
"0","Selenium","Germany","abs",25.3720962163131
"0","Selenium","Peru","ratio",50
"0","Selenium","Peru","abs",25.3724550567764
"0","Selenium","Turkey","ratio",50
"0","Selenium","Turkey","abs",25.3720962163131
"0","Selenium","Japan","ratio",710
"0","Selenium","Japan","abs",739.471244545422
"0","Selenium","Poland","ratio",74
"0","Selenium","Poland","abs",37.8023537728662
"0","Selenium","Uzbekistan","ratio",2
"0","Selenium","Uzbekistan","abs",0.789188182663687
"0","Selenium","Finland","ratio",170
"0","Selenium","Finland","abs",190.945244410425
"0","Selenium","SouthAfrica","ratio",9
"0","Selenium","SouthAfrica","abs",3.44554888055918
"0","Selenium","Belgium","ratio",200
"0","Selenium","Belgium","abs",225.826789626752
"0","Selenium","Serbia","ratio",60
"0","Selenium","Serbia","abs",30.5312025152381
"0","Silicon","Brazil","ratio",200000
"0","Silicon","Brazil","abs",221311.500506272
"0","Silicon","Canada","ratio",20000
"0","Silicon","Canada","abs",41311.4975730051
"0","Silicon","China","ratio",3500000
"0","Silicon","China","abs",3542917.5655689
"0","Silicon","Iceland","ratio",70000
"0","Silicon","Iceland","abs",91311.5010751597
"0","Silicon","India","ratio",60000
"0","Silicon","India","abs",81311.5018787829
"0","Silicon","Malaysia","ratio",130000
"0","Silicon","Malaysia","abs",151311.50121745
"0","Silicon","Norway","ratio",180000
"0","Silicon","Norway","abs",201311.500888034
"0","Silicon","Russia","ratio",470000
"0","Silicon","Russia","abs",491311.505396602
"0","Silicon","Othercountries","ratio",130000
"0","Silicon","Othercountries","abs",151311.504437245
"0","Silicon","Kazakhstan","ratio",130000
"0","Silicon","Kazakhstan","abs",151311.500406741
"0","Silicon","Poland","ratio",30000
"0","Silicon","Poland","abs",51311.5002090383
"0","Silicon","SouthAfrica","ratio",40000
"0","Silicon","SouthAfrica","abs",61311.5039042382
"0","Silicon","France","ratio",20000
"0","Silicon","France","abs",41311.4964308813
"0","Silicon","Bhutan","ratio",80000
"0","Silicon","Bhutan","abs",101311.500791236
"0","Silicon","Spain","ratio",40000
"0","Silicon","Spain","abs",61311.5040561301
"0","Tantalum","Australia","ratio",52
"0","Tantalum","Australia","abs",26.6920745663773
"0","Tantalum","Brazil","ratio",210
"0","Tantalum","Brazil","abs",236.770339320171
"0","Tantalum","China","ratio",76
"0","Tantalum","China","abs",48.7262935244932
"0","Tantalum","Russia","ratio",29
"0","Tantalum","Russia","abs",14.7193507856073
"0","Tantalum","Bolivia","ratio",2
"0","Tantalum","Bolivia","abs",0.882903387287209
"0","Tantalum","Congo","ratio",880
"0","Tantalum","Congo","abs",908.541077710886
"0","Tantalum","Nigeria","ratio",390
"0","Tantalum","Nigeria","abs",419.253394217234
"0","Tantalum","Rwanda","ratio",350
"0","Tantalum","Rwanda","abs",380.845811329955
"0","Tantalum","Burundi","ratio",2
"0","Tantalum","Burundi","abs",0.883190982980067
"0","Tantalum","Ethiopia","ratio",40
"0","Tantalum","Ethiopia","abs",20.4118177185318
"0","Tantalum","Mozambique","ratio",55
"0","Tantalum","Mozambique","abs",28.2737464478503
"0","Tellurium","Canada","ratio",27
"0","Tellurium","Canada","abs",13.8963688457116
"0","Tellurium","China","ratio",750
"0","Tellurium","China","abs",351.854371655692
"0","Tellurium","Russia","ratio",70
"0","Tellurium","Russia","abs",210.045756439803
"0","Tellurium","Bulgaria","ratio",1
"0","Tellurium","Bulgaria","abs",0.452203353473978
"0","Tellurium","Japan","ratio",70
"0","Tellurium","Japan","abs",210.093627500229
"0","Tellurium","Uzbekistan","ratio",13
"0","Tellurium","Uzbekistan","abs",6.59397888577296
"0","Tellurium","SouthAfrica","ratio",4
"0","Tellurium","SouthAfrica","abs",2.01020676499452
"0","Tellurium","Sweden","ratio",46
"0","Tellurium","Sweden","abs",186.053487408277
"0","Tin","Australia","ratio",9900
"0","Tin","Australia","abs",9899.94369997096
"0","Tin","Brazil","ratio",29000
"0","Tin","Brazil","abs",28999.9358300133
"0","Tin","China","ratio",69000
"0","Tin","China","abs",68999.9581298654
"0","Tin","Malaysia","ratio",3000
"0","Tin","Malaysia","abs",3000.56580671618
"0","Tin","Russia","ratio",3000
"0","Tin","Russia","abs",3000.06145059499
"0","Tin","Othercountries","ratio",1800
"0","Tin","Othercountries","abs",1800.00383302906
"0","Tin","Bolivia","ratio",21000
"0","Tin","Bolivia","abs",20999.9768605346
"0","Tin","Peru","ratio",31000
"0","Tin","Peru","abs",30999.9833905115
"0","Tin","Congo","ratio",25000
"0","Tin","Congo","abs",24999.9525245956
"0","Tin","Indonesia","ratio",50000
"0","Tin","Indonesia","abs",49999.9493480252
"0","Tin","Burma","ratio",34000
"0","Tin","Burma","abs",33999.9643293221
"0","Tin","Nigeria","ratio",7000
"0","Tin","Nigeria","abs",6999.90155846406
"0","Tin","Vietnam","ratio",6700
"0","Tin","Vietnam","abs",6699.71388360154
"0","Tin","Rwanda","ratio",3600
"0","Tin","Rwanda","abs",3600.0612560445
"0","Tin","Laos","ratio",1500
"0","Tin","Laos","abs",1500.02805942288
"0","Tungsten","Australia","ratio",1000
"0","Tungsten","Australia","abs",2194.74220256654
"0","Tungsten","China","ratio",67000
"0","Tungsten","China","abs",63596.4948400004
"0","Tungsten","Russia","ratio",2000
"0","Tungsten","Russia","abs",3194.75477055491
"0","Tungsten","Othercountries","ratio",1500
"0","Tungsten","Othercountries","abs",2694.7283590798
"0","Tungsten","Bolivia","ratio",1600
"0","Tungsten","Bolivia","abs",2794.74197318691
"0","Tungsten","Vietnam","ratio",3400
"0","Tungsten","Vietnam","abs",4594.73747916249
"0","Tungsten","Portugal","ratio",500
"0","Tungsten","Portugal","abs",1694.73467442401
"0","Tungsten","NorthKorea","ratio",1700
"0","Tungsten","NorthKorea","abs",2894.74463537617
"0","Tungsten","Rwanda","ratio",1200
"0","Tungsten","Rwanda","abs",2394.74641921485
"0","Tungsten","Spain","ratio",700
"0","Tungsten","Spain","abs",1894.74061142854
"0","Tungsten","Austia","ratio",800
"0","Tungsten","Austia","abs",1994.7435365649
"0","Vanadium","Brazil","ratio",5000
"0","Vanadium","Brazil","abs",14424.2185942124
"0","Vanadium","China","ratio",70000
"0","Vanadium","China","abs",41753.832363295
"0","Vanadium","Russia","ratio",21000
"0","Vanadium","Russia","abs",30424.2236196076
"0","Vanadium","SouthAfrica","ratio",8000
"0","Vanadium","SouthAfrica","abs",17424.2226994942
"0","MagnesiumMetal","Brazil","ratio",20000
"0","MagnesiumMetal","Brazil","abs",33431.1843377287
"0","MagnesiumMetal","China","ratio",950000
"0","MagnesiumMetal","China","abs",1005684.23049064
"0","MagnesiumMetal","Russia","ratio",15000
"0","MagnesiumMetal","Russia","abs",28431.1825805827
"0","MagnesiumMetal","Turkey","ratio",15000
"0","MagnesiumMetal","Turkey","abs",28431.1847474094
"0","MagnesiumMetal","Kazakhstan","ratio",20000
"0","MagnesiumMetal","Kazakhstan","abs",33431.1808143301
"0","MagnesiumMetal","Iran","ratio",5000
"0","MagnesiumMetal","Iran","abs",18431.1835139262
"0","MagnesiumMetal","Israel","ratio",20000
"0","MagnesiumMetal","Israel","abs",33431.1767170224
"0","MagnesiumCompounds","Australia","ratio",490000
"0","MagnesiumCompounds","Australia","abs",543934.423725429
"0","MagnesiumCompounds","Brazil","ratio",1800000
"0","MagnesiumCompounds","Brazil","abs",1853934.41949443
"0","MagnesiumCompounds","Canada","ratio",150000
"0","MagnesiumCompounds","Canada","abs",203934.422952535
"0","MagnesiumCompounds","China","ratio",13000000
"0","MagnesiumCompounds","China","abs",13072726.2209071
"0","MagnesiumCompounds","India","ratio",160000
"0","MagnesiumCompounds","India","abs",213934.423631303
"0","MagnesiumCompounds","Russia","ratio",2500000
"0","MagnesiumCompounds","Russia","abs",2553934.42264228
"0","MagnesiumCompounds","Othercountries","ratio",370000
"0","MagnesiumCompounds","Othercountries","abs",423934.423200499
"0","MagnesiumCompounds","Turkey","ratio",1300000
"0","MagnesiumCompounds","Turkey","abs",1353934.42550368
"0","MagnesiumCompounds","Iran","ratio",210000
"0","MagnesiumCompounds","Iran","abs",263934.425104088
"0","MagnesiumCompounds","Spain","ratio",670000
"0","MagnesiumCompounds","Spain","abs",723934.423570145
"0","MagnesiumCompounds","Austria","ratio",760000
"0","MagnesiumCompounds","Austria","abs",813934.427090612
"0","MagnesiumCompounds","Greece","ratio",390000
"0","MagnesiumCompounds","Greece","abs",443934.422864198
"0","MagnesiumCompounds","Slovakia","ratio",380000
"0","MagnesiumCompounds","Slovakia","abs",433934.425868888
"0","Manganese","Australia","ratio",2800000
"0","Manganese","Australia","abs",2799999.99999945
"0","Manganese","Brazil","ratio",590000
"0","Manganese","Brazil","abs",590000.000049652
"0","Manganese","China","ratio",770000
"0","Manganese","China","abs",769999.999911968
"0","Manganese","India","ratio",800000
"0","Manganese","India","abs",800000.000111074
"0","Manganese","Malaysia","ratio",410000
"0","Manganese","Malaysia","abs",409999.999778917
"0","Manganese","Othercountries","ratio",1300000
"0","Manganese","Othercountries","abs",1299999.99997915
"0","Manganese","SouthAfrica","ratio",7400000
"0","Manganese","SouthAfrica","abs",7400000.00000048
"0","Manganese","Cotedivoire","ratio",360000
"0","Manganese","Cotedivoire","abs",360000.000207355
"0","Manganese","Gabon","ratio",4600000
"0","Manganese","Gabon","abs",4600000.0000011
"0","Manganese","Ghana","ratio",820000
"0","Manganese","Ghana","abs",820000.000044186
"0","Zinc","UnitedStates","ratio",750000
"0","Zinc","UnitedStates","abs",750000.000098468
"0","Zinc","Australia","ratio",1100000
"0","Zinc","Australia","abs",1099999.99999989
"0","Zinc","China","ratio",4000000
"0","Zinc","China","abs",4000000.00000693
"0","Zinc","India","ratio",860000
"0","Zinc","India","abs",859999.999972
"0","Zinc","Russia","ratio",310000
"0","Zinc","Russia","abs",309999.999981343
"0","Zinc","Othercountries","ratio",1700000
"0","Zinc","Othercountries","abs",1700000.00000035
"0","Zinc","Bolivia","ratio",510000
"0","Zinc","Bolivia","abs",509999.999595776
"0","Zinc","Peru","ratio",1300000
"0","Zinc","Peru","abs",1299999.99999755
"0","Zinc","Kazakhstan","ratio",370000
"0","Zinc","Kazakhstan","abs",370000.000281632
"0","Zinc","Mexico","ratio",700000
"0","Zinc","Mexico","abs",699999.999991604
"0","Zinc","SouthAfrica","ratio",120000
"0","Zinc","SouthAfrica","abs",119999.999434586
"0","Zinc","Sweden","ratio",240000
"0","Zinc","Sweden","abs",240000.000062782
"0","Zirconiummineralconcentrates","UnitedStates","ratio",100000
"0","Zirconiummineralconcentrates","UnitedStates","abs",100000.001121462
"0","Zirconiummineralconcentrates","Australia","ratio",500000
"0","Zirconiummineralconcentrates","Australia","abs",499999.999528348
"0","Zirconiummineralconcentrates","China","ratio",100000
"0","Zirconiummineralconcentrates","China","abs",99999.9986457237
"0","Zirconiummineralconcentrates","Othercountries","ratio",110000
"0","Zirconiummineralconcentrates","Othercountries","abs",109999.998746052
"0","Zirconiummineralconcentrates","SouthAfrica","ratio",300000
"0","Zirconiummineralconcentrates","SouthAfrica","abs",299999.99957459
"0","Zirconiummineralconcentrates","Indonesia","ratio",95000
"0","Zirconiummineralconcentrates","Indonesia","abs",94999.9995996653
"0","Zirconiummineralconcentrates","Madagascar","ratio",30000
"0","Zirconiummineralconcentrates","Madagascar","abs",29999.9968444853
"0","Zirconiummineralconcentrates","Mozambique","ratio",160000
"0","Zirconiummineralconcentrates","Mozambique","abs",159999.999552424
"0","Zirconiummineralconcentrates","Kenya","ratio",20000
"0","Zirconiummineralconcentrates","Kenya","abs",19999.9993981858
"0","Zirconiummineralconcentrates","Senegal","ratio",60000
"0","Zirconiummineralconcentrates","Senegal","abs",59999.999201313
"0","Zirconiummineralconcentrates","SierraLeone","ratio",20000
"0","Zirconiummineralconcentrates","SierraLeone","abs",19999.9968006302
"0","Alumina","UnitedStates","ratio",720000
"0","Alumina","UnitedStates","abs",963381.384265786
"0","Alumina","Australia","ratio",18000000
"0","Alumina","Australia","abs",18243381.384207
"0","Alumina","Brazil","ratio",11000000
"0","Alumina","Brazil","abs",11243381.3842117
"0","Alumina","Canada","ratio",1500000
"0","Alumina","Canada","abs",1743381.38374058
"0","Alumina","China","ratio",84000000
"0","Alumina","China","abs",84321509.1603362
"0","Alumina","India","ratio",7600000
"0","Alumina","India","abs",7843381.38424103
"0","Alumina","Russia","ratio",2900000
"0","Alumina","Russia","abs",3143381.38486583
"0","Alumina","UnitedArabEmirates","ratio",2400000
"0","Alumina","UnitedArabEmirates","abs",2643381.38323979
"0","Alumina","Othercountries","ratio",1500000
"0","Alumina","Othercountries","abs",1743381.38424792
"0","Alumina","Germany","ratio",960000
"0","Alumina","Germany","abs",1203381.38407401
"0","Alumina","Turkey","ratio",320000
"0","Alumina","Turkey","abs",563381.384196416
"0","Alumina","Kazakhstan","ratio",1400000
"0","Alumina","Kazakhstan","abs",1643381.38401915
"0","Alumina","Indonesia","ratio",1300000
"0","Alumina","Indonesia","abs",1543381.38419854
"0","Alumina","Vietnam","ratio",1500000
"0","Alumina","Vietnam","abs",1743381.38468153
"0","Alumina","Spain","ratio",820000
"0","Alumina","Spain","abs",1063381.38377409
"0","Alumina","Greece","ratio",860000
"0","Alumina","Greece","abs",1103381.38406705
"0","Alumina","Guinea","ratio",300000
"0","Alumina","Guinea","abs",543381.384160236
"0","Alumina","Ireland","ratio",1600000
"0","Alumina","Ireland","abs",1843381.38449435
"0","Alumina","Jamaica","ratio",1500000
"0","Alumina","Jamaica","abs",1743381.38454951
"0","Alumina","SaudiArabia","ratio",1800000
"0","Alumina","SaudiArabia","abs",2043381.3844664
"0","Bauxite","Australia","ratio",100000000
"0","Bauxite","Australia","abs",99999999.998772
"0","Bauxite","Brazil","ratio",33000000
"0","Bauxite","Brazil","abs",32999999.9999981
"0","Bauxite","China","ratio",93000000
"0","Bauxite","China","abs",92999999.9994542
"0","Bauxite","India","ratio",25000000
"0","Bauxite","India","abs",24999999.9999983
"0","Bauxite","Russia","ratio",6300000
"0","Bauxite","Russia","abs",6300000.0001432
"0","Bauxite","Othercountries","ratio",5700000
"0","Bauxite","Othercountries","abs",5700000.00012799
"0","Bauxite","Turkey","ratio",3200000
"0","Bauxite","Turkey","abs",3199999.99999893
"0","Bauxite","Kazakhstan","ratio",4900000
"0","Bauxite","Kazakhstan","abs",4900000.00010949
"0","Bauxite","Indonesia","ratio",32000000
"0","Bauxite","Indonesia","abs",31999999.9999982
"0","Bauxite","Vietnam","ratio",4200000
"0","Bauxite","Vietnam","abs",4200000.00009297
"0","Bauxite","Greece","ratio",1200000
"0","Bauxite","Greece","abs",1200000.00002929
"0","Bauxite","Guinea","ratio",130000000
"0","Bauxite","Guinea","abs",129999999.998658
"0","Bauxite","Jamaica","ratio",6100000
"0","Bauxite","Jamaica","abs",6100000.00013894
"0","Bauxite","SaudiArabia","ratio",5800000
"0","Bauxite","SaudiArabia","abs",5800000.00013025
"10","Aluminum","UnitedStates","ratio",670000
"10","Aluminum","UnitedStates","abs",1047147.31956097
"10","Aluminum","Australia","ratio",1500000
"10","Aluminum","Australia","abs",2030847.85129278
"10","Aluminum","Bahrain","ratio",1600000
"10","Aluminum","Bahrain","abs",2148599.99077766
"10","Aluminum","Brazil","ratio",1100000
"10","Aluminum","Brazil","abs",1558177.75451382
"10","Aluminum","Canada","ratio",3300000
"10","Aluminum","Canada","abs",4124123.24832475
"10","Aluminum","China","ratio",43000000
"10","Aluminum","China","abs",41417657.5663383
"10","Aluminum","Iceland","ratio",780000
"10","Aluminum","Iceland","abs",1178158.20260607
"10","Aluminum","India","ratio",4200000
"10","Aluminum","India","abs",5149329.40275567
"10","Aluminum","Malaysia","ratio",870000
"10","Aluminum","Malaysia","abs",1285205.55205753
"10","Aluminum","Norway","ratio",1300000
"10","Aluminum","Norway","abs",1794843.29675107
"10","Aluminum","Russia","ratio",3800000
"10","Aluminum","Russia","abs",4695477.58238681
"10","Aluminum","UnitedArabEmirates","ratio",2700000
"10","Aluminum","UnitedArabEmirates","abs",3432628.91026708
"10","Aluminum","Othercountries","ratio",6800000
"10","Aluminum","Othercountries","abs",8028910.75333007
"10","Boron","China","ratio",340000
"10","Boron","China","abs",435615.575341906
"10","Boron","Russia","ratio",80000
"10","Boron","Russia","abs",133840.153509625
"10","Boron","Argentina","ratio",160000
"10","Boron","Argentina","abs",228363.931219948
"10","Boron","Bolivia","ratio",230000
"10","Boron","Bolivia","abs",309886.354650337
"10","Boron","Chile","ratio",420000
"10","Boron","Chile","abs",525163.385320727
"10","Boron","Germany","ratio",40000
"10","Boron","Germany","abs",86074.8890034539
"10","Boron","Peru","ratio",300000
"10","Boron","Peru","abs",390240.050358586
"10","Boron","Turkey","ratio",3000000
"10","Boron","Turkey","abs",2929799.22085607
"10","Cadmium","UnitedStates","ratio",300
"10","Cadmium","UnitedStates","abs",353.587805307369
"10","Cadmium","Australia","ratio",900
"10","Cadmium","Australia","abs",981.691778567389
"10","Cadmium","Canada","ratio",1700
"10","Cadmium","Canada","abs",1914.41871311173
"10","Cadmium","China","ratio",9300
"10","Cadmium","China","abs",9031.45783445301
"10","Cadmium","Norway","ratio",350
"10","Cadmium","Norway","abs",398.286698929289
"10","Cadmium","Russia","ratio",800
"10","Cadmium","Russia","abs",941.956264709848
"10","Cadmium","Germany","ratio",170
"10","Cadmium","Germany","abs",200.334776682125
"10","Cadmium","Peru","ratio",620
"10","Cadmium","Peru","abs",680.943715038565
"10","Cadmium","Bulgaria","ratio",300
"10","Cadmium","Bulgaria","abs",351.743385527624
"10","Cadmium","Japan","ratio",1700
"10","Cadmium","Japan","abs",1922.47212403341
"10","Cadmium","Kazakhstan","ratio",1000
"10","Cadmium","Kazakhstan","abs",1186.57429812453
"10","Cadmium","RepublicofKorea","ratio",4500
"10","Cadmium","RepublicofKorea","abs",4796.74365521079
"10","Cadmium","Mexico","ratio",1200
"10","Cadmium","Mexico","abs",1300.99050901433
"10","Cadmium","Netherlands","ratio",400
"10","Cadmium","Netherlands","abs",471.883719783802
"10","Cadmium","Poland","ratio",250
"10","Cadmium","Poland","abs",283.517698246488
"10","Cadmium","Uzbekistan","ratio",200
"10","Cadmium","Uzbekistan","abs",172.075933922064
"10","Chromium","Brazil","ratio",1400000
"10","Chromium","Brazil","abs",1694827.36001701
"10","Chromium","India","ratio",4100000
"10","Chromium","India","abs",4890120.50711485
"10","Chromium","Othercountries","ratio",2900000
"10","Chromium","Othercountries","abs",3483311.9079356
"10","Chromium","Turkey","ratio",8000000
"10","Chromium","Turkey","abs",9267311.23150171
"10","Chromium","Kazakhstan","ratio",6500000
"10","Chromium","Kazakhstan","abs",7624730.90443225
"10","Chromium","Finland","ratio",1900000
"10","Chromium","Finland","abs",2294373.631552
"10","Chromium","SouthAfrica","ratio",21000000
"10","Chromium","SouthAfrica","abs",18741216.7497418
"10","Chromium","Zimbabwe","ratio",1100000
"10","Chromium","Zimbabwe","abs",1333585.97747886
"10","Cobalt","UnitedStates","ratio",300
"10","Cobalt","UnitedStates","abs",13422.1844944811
"10","Cobalt","Australia","ratio",3600
"10","Cobalt","Australia","abs",16868.5565967241
"10","Cobalt","Canada","ratio",4500
"10","Cobalt","Canada","abs",17877.6028959263
"10","Cobalt","Russia","ratio",8700
"10","Cobalt","Russia","abs",22439.6496847069
"10","Cobalt","Othercountries","ratio",6200
"10","Cobalt","Othercountries","abs",19750.6249511941
"10","Cobalt","Turkey","ratio",2700
"10","Cobalt","Turkey","abs",15845.9744747902
"10","Cobalt","Congo","ratio",220000
"10","Cobalt","Congo","abs",67806.5112748385
"10","Cobalt","Cuba","ratio",3500
"10","Cobalt","Cuba","abs",16755.6153100725
"10","Cobalt","Indonesia","ratio",28000
"10","Cobalt","Indonesia","abs",43443.068834349
"10","Cobalt","Madagascar","ratio",2600
"10","Cobalt","Madagascar","abs",15731.4945738655
"10","Cobalt","NewCaledonia","ratio",1500
"10","Cobalt","NewCaledonia","abs",14460.2853651681
"10","Cobalt","PapuaNewGuinea","ratio",2800
"10","Cobalt","PapuaNewGuinea","abs",15960.3028987506
"10","Cobalt","Philippines","ratio",3800
"10","Cobalt","Philippines","abs",17093.9190147168
"10","Copper","UnitedStates","ratio",1100000
"10","Copper","UnitedStates","abs",1233167.47329643
"10","Copper","Australia","ratio",800000
"10","Copper","Australia","abs",903176.137531084
"10","Copper","Canada","ratio",450000
"10","Copper","Canada","abs",512019.848105555
"10","Copper","China","ratio",1800000
"10","Copper","China","abs",1982478.04730857
"10","Copper","India","ratio",30000
"10","Copper","India","abs",34438.1114045765
"10","Copper","Russia","ratio",930000
"10","Copper","Russia","abs",1046789.68548521
"10","Copper","Othercountries","ratio",2700000
"10","Copper","Othercountries","abs",2897940.39632851
"10","Copper","Chile","ratio",5300000
"10","Copper","Chile","abs",5151427.9433791
"10","Copper","Peru","ratio",2600000
"10","Copper","Peru","abs",2799140.85809086
"10","Copper","Kazakhstan","ratio",740000
"10","Copper","Kazakhstan","abs",836581.702467051
"10","Copper","Mexico","ratio",700000
"10","Copper","Mexico","abs",792077.775800706
"10","Copper","Poland","ratio",410000
"10","Copper","Poland","abs",466911.533813564
"10","Copper","Congo","ratio",3300000
"10","Copper","Congo","abs",3473967.16868067
"10","Copper","Indonesia","ratio",1100000
"10","Copper","Indonesia","abs",1233167.47330462
"10","Copper","Zambia","ratio",680000
"10","Copper","Zambia","abs",769793.765460516
"10","RareEarths","UnitedStates","ratio",45000
"10","RareEarths","UnitedStates","abs",54217.5155953001
"10","RareEarths","Australia","ratio",13000
"10","RareEarths","Australia","abs",17885.2796135791
"10","RareEarths","Brazil","ratio",20
"10","RareEarths","Brazil","abs",2788.53409407048
"10","RareEarths","China","ratio",270000
"10","RareEarths","China","abs",263455.990797826
"10","RareEarths","India","ratio",2900
"10","RareEarths","India","abs",5900.77300142972
"10","RareEarths","Malaysia","ratio",130
"10","RareEarths","Malaysia","abs",2586.8310843433
"10","RareEarths","Russia","ratio",2500
"10","RareEarths","Russia","abs",5422.13036470247
"10","RareEarths","Othercountries","ratio",1100
"10","RareEarths","Othercountries","abs",3744.95769016096
"10","RareEarths","Madagascar","ratio",2000
"10","RareEarths","Madagascar","abs",4823.26080601374
"10","RareEarths","Burma","ratio",31000
"10","RareEarths","Burma","abs",38650.5575501741
"10","RareEarths","Nigeria","ratio",13000
"10","RareEarths","Nigeria","abs",17885.155489571
"10","RareEarths","Thailand","ratio",13000
"10","RareEarths","Thailand","abs",17885.0488984885
"10","RareEarths","Vietnam","ratio",300
"10","RareEarths","Vietnam","abs",2788.23205378706
"10","Lead","UnitedStates","ratio",300000
"10","Lead","UnitedStates","abs",356670.299038298
"10","Lead","Australia","ratio",430000
"10","Lead","Australia","abs",506301.606088193
"10","Lead","China","ratio",1900000
"10","Lead","China","abs",1675116.51095335
"10","Lead","India","ratio",220000
"10","Lead","India","abs",262973.801507111
"10","Lead","Russia","ratio",220000
"10","Lead","Russia","abs",262973.80182129
"10","Lead","Othercountries","ratio",520000
"10","Lead","Othercountries","abs",607724.183753454
"10","Lead","Bolivia","ratio",60000
"10","Lead","Bolivia","abs",72419.0186702688
"10","Lead","Peru","ratio",270000
"10","Lead","Peru","abs",321668.683088663
"10","Lead","Turkey","ratio",70000
"10","Lead","Turkey","abs",84440.948821556
"10","Lead","Mexico","ratio",180000
"10","Lead","Mexico","abs",215710.776404013
"10","Lead","Iran","ratio",60000
"10","Lead","Iran","abs",72419.0121742068
"10","Lead","Sweden","ratio",70000
"10","Lead","Sweden","abs",84440.9501602054
"10","Lead","Tajikistan","ratio",40000
"10","Lead","Tajikistan","abs",48333.4332344867
"10","Lithium","Australia","ratio",88000
"10","Lithium","Australia","abs",82018.3874481242
"10","Lithium","Brazil","ratio",10000
"10","Lithium","Brazil","abs",11822.5898183373
"10","Lithium","Canada","ratio",4300
"10","Lithium","Canada","abs",5120.89328500982
"10","Lithium","China","ratio",41000
"10","Lithium","China","abs",45771.6572549226
"10","Lithium","Argentina","ratio",18000
"10","Lithium","Argentina","abs",21026.2633421566
"10","Lithium","Chile","ratio",49000
"10","Lithium","Chile","abs",53578.7139692535
"10","Lithium","Zimbabwe","ratio",22000
"10","Lithium","Zimbabwe","abs",25529.0032360885
"10","Lithium","Namibia","ratio",2700
"10","Lithium","Namibia","abs",3213.14885908552
"10","Lithium","Portugal","ratio",380
"10","Lithium","Portugal","abs",439.475426009193
"10","Molybdenum","UnitedStates","ratio",33000
"10","Molybdenum","UnitedStates","abs",38289.1229951968
"10","Molybdenum","Australia","ratio",1000
"10","Molybdenum","Australia","abs",1197.94738534392
"10","Molybdenum","Canada","ratio",1200
"10","Molybdenum","Canada","abs",1435.73878234525
"10","Molybdenum","China","ratio",110000
"10","Molybdenum","China","abs",99197.4275509016
"10","Molybdenum","Russia","ratio",1700
"10","Molybdenum","Russia","abs",2029.50642117752
"10","Molybdenum","Chile","ratio",38000
"10","Molybdenum","Chile","abs",43738.0807737752
"10","Molybdenum","Peru","ratio",41000
"10","Molybdenum","Peru","abs",46929.4591472487
"10","Molybdenum","Kazakhstan","ratio",3900
"10","Molybdenum","Kazakhstan","abs",4690.30171459697
"10","Molybdenum","RepublicofKorea","ratio",300
"10","Molybdenum","RepublicofKorea","abs",364.480758420928
"10","Molybdenum","Mexico","ratio",17000
"10","Molybdenum","Mexico","abs",20153.4250006423
"10","Molybdenum","Uzbekistan","ratio",1700
"10","Molybdenum","Uzbekistan","abs",2029.49459522116
"10","Molybdenum","Iran","ratio",3000
"10","Molybdenum","Iran","abs",3611.46055148167
"10","Molybdenum","Armenia","ratio",8000
"10","Molybdenum","Armenia","abs",9581.38375029215
"10","Molybdenum","NorthKorea","ratio",700
"10","Molybdenum","NorthKorea","abs",845.707381572468
"10","Molybdenum","Mongolia","ratio",3100
"10","Molybdenum","Mongolia","abs",3731.89675009587
"10","Nickel","UnitedStates","ratio",8000
"10","Nickel","UnitedStates","abs",75896.0016240133
"10","Nickel","Australia","ratio",110000
"10","Nickel","Australia","abs",291004.609338554
"10","Nickel","Brazil","ratio",77000
"10","Nickel","Brazil","abs",228332.759820755
"10","Nickel","Canada","ratio",190000
"10","Nickel","Canada","abs",421513.953186072
"10","Nickel","China","ratio",120000
"10","Nickel","China","abs",308871.683775504
"10","Nickel","Russia","ratio",210000
"10","Nickel","Russia","abs",450343.727901064
"10","Nickel","Othercountries","ratio",300000
"10","Nickel","Othercountries","abs",567165.843697896
"10","Nickel","Indonesia","ratio",2200000
"10","Nickel","Indonesia","abs",446509.101167078
"10","Nickel","NewCaledonia","ratio",110000
"10","Nickel","NewCaledonia","abs",291004.644259806
"10","Nickel","Philippines","ratio",330000
"10","Nickel","Philippines","abs",602621.731677729
"10","Niobium","Brazil","ratio",100000
"10","Niobium","Brazil","abs",17262.1166028708
"10","Niobium","Canada","ratio",7100
"10","Niobium","Canada","abs",22720.8483874267
"10","Niobium","Russia","ratio",350
"10","Niobium","Russia","abs",17573.8759749473
"10","Niobium","Othercountries","ratio",120
"10","Niobium","Othercountries","abs",20055.6812469912
"10","Niobium","Congo","ratio",700
"10","Niobium","Congo","abs",16899.9771614799
"10","Niobium","Rwanda","ratio",200
"10","Niobium","Rwanda","abs",18586.6965094639
"10","Selenium","Canada","ratio",130
"10","Selenium","Canada","abs",179.184821343758
"10","Selenium","China","ratio",1800
"10","Selenium","China","abs",1710.86203354959
"10","Selenium","India","ratio",14
"10","Selenium","India","abs",7.85444972742282
"10","Selenium","Russia","ratio",340
"10","Selenium","Russia","abs",426.074382563197
"10","Selenium","Germany","ratio",50
"10","Selenium","Germany","abs",28.2958749807338
"10","Selenium","Peru","ratio",50
"10","Selenium","Peru","abs",28.2962744719036
"10","Selenium","Turkey","ratio",50
"10","Selenium","Turkey","abs",28.2958749807338
"10","Selenium","Japan","ratio",710
"10","Selenium","Japan","abs",860.038322803622
"10","Selenium","Poland","ratio",74
"10","Selenium","Poland","abs",42.1224169357783
"10","Selenium","Uzbekistan","ratio",2
"10","Selenium","Uzbekistan","abs",0.915919183668453
"10","Selenium","Finland","ratio",170
"10","Selenium","Finland","abs",216.778136699124
"10","Selenium","SouthAfrica","ratio",9
"10","Selenium","SouthAfrica","abs",4.01886115658124
"10","Selenium","Belgium","ratio",200
"10","Selenium","Belgium","abs",260.897756912658
"10","Selenium","Serbia","ratio",60
"10","Selenium","Serbia","abs",34.0373791841411
"10","Silicon","Brazil","ratio",200000
"10","Silicon","Brazil","abs",262705.569163653
"10","Silicon","Canada","ratio",20000
"10","Silicon","Canada","abs",50111.0728579536
"10","Silicon","China","ratio",3500000
"10","Silicon","China","abs",3418741.56040038
"10","Silicon","Iceland","ratio",70000
"10","Silicon","Iceland","abs",109874.422256824
"10","Silicon","India","ratio",60000
"10","Silicon","India","abs",97962.1341824385
"10","Silicon","Malaysia","ratio",130000
"10","Silicon","Malaysia","abs",180889.061710375
"10","Silicon","Norway","ratio",180000
"10","Silicon","Norway","abs",239445.590588619
"10","Silicon","Russia","ratio",470000
"10","Silicon","Russia","abs",567372.191033948
"10","Silicon","Othercountries","ratio",130000
"10","Silicon","Othercountries","abs",180889.070444042
"10","Silicon","Kazakhstan","ratio",130000
"10","Silicon","Kazakhstan","abs",180889.060339824
"10","Silicon","Poland","ratio",30000
"10","Silicon","Poland","abs",62101.7037042398
"10","Silicon","SouthAfrica","ratio",40000
"10","Silicon","SouthAfrica","abs",74075.0000370832
"10","Silicon","France","ratio",20000
"10","Silicon","France","abs",50111.0712861935
"10","Silicon","Bhutan","ratio",80000
"10","Silicon","Bhutan","abs",121765.276265773
"10","Silicon","Spain","ratio",40000
"10","Silicon","Spain","abs",74075.0007394051
"10","Tantalum","Australia","ratio",52
"10","Tantalum","Australia","abs",29.5324605640076
"10","Tantalum","Brazil","ratio",210
"10","Tantalum","Brazil","abs",265.24835713671
"10","Tantalum","China","ratio",76
"10","Tantalum","China","abs",53.7598939106011
"10","Tantalum","Russia","ratio",29
"10","Tantalum","Russia","abs",16.3106606511567
"10","Tantalum","Bolivia","ratio",2
"10","Tantalum","Bolivia","abs",0.998999999655008
"10","Tantalum","Congo","ratio",880
"10","Tantalum","Congo","abs",878.898664502732
"10","Tantalum","Nigeria","ratio",390
"10","Tantalum","Nigeria","abs",460.775727225487
"10","Tantalum","Rwanda","ratio",350
"10","Tantalum","Rwanda","abs",427.959916827367
"10","Tantalum","Burundi","ratio",2
"10","Tantalum","Burundi","abs",0.999276208761315
"10","Tantalum","Ethiopia","ratio",40
"10","Tantalum","Ethiopia","abs",22.6020583901415
"10","Tantalum","Mozambique","ratio",55
"10","Tantalum","Mozambique","abs",31.276115586349
"10","Tellurium","Canada","ratio",27
"10","Tellurium","Canada","abs",15.2738050004567
"10","Tellurium","China","ratio",750
"10","Tellurium","China","abs",348.736424615201
"10","Tellurium","Russia","ratio",70
"10","Tellurium","Russia","abs",226.612013897326
"10","Tellurium","Bulgaria","ratio",1
"10","Tellurium","Bulgaria","abs",0.506277181793671
"10","Tellurium","Japan","ratio",70
"10","Tellurium","Japan","abs",226.666118521576
"10","Tellurium","Uzbekistan","ratio",13
"10","Tellurium","Uzbekistan","abs",7.2627664444643
"10","Tellurium","SouthAfrica","ratio",4
"10","Tellurium","SouthAfrica","abs",2.2170045065228
"10","Tellurium","Sweden","ratio",46
"10","Tellurium","Sweden","abs",204.683260868936
"10","Tin","Australia","ratio",9900
"10","Tin","Australia","abs",11236.4856500848
"10","Tin","Brazil","ratio",29000
"10","Tin","Brazil","abs",31747.6031375466
"10","Tin","China","ratio",69000
"10","Tin","China","abs",67695.1873684337
"10","Tin","Malaysia","ratio",3000
"10","Tin","Malaysia","abs",3443.48048448005
"10","Tin","Russia","ratio",3000
"10","Tin","Russia","abs",3443.34074298132
"10","Tin","Othercountries","ratio",1800
"10","Tin","Othercountries","abs",2069.80688713769
"10","Tin","Bolivia","ratio",21000
"10","Tin","Bolivia","abs",23363.6533266522
"10","Tin","Peru","ratio",31000
"10","Tin","Peru","abs",33792.0827044697
"10","Tin","Congo","ratio",25000
"10","Tin","Congo","abs",27595.72951091
"10","Tin","Indonesia","ratio",50000
"10","Tin","Indonesia","abs",52029.0224810489
"10","Tin","Burma","ratio",34000
"10","Tin","Burma","abs",36817.4091255595
"10","Tin","Nigeria","ratio",7000
"10","Tin","Nigeria","abs",7983.17510396038
"10","Tin","Vietnam","ratio",6700
"10","Tin","Vietnam","abs",7644.35542683143
"10","Tin","Rwanda","ratio",3600
"10","Tin","Rwanda","abs",4128.12492312567
"10","Tin","Laos","ratio",1500
"10","Tin","Laos","abs",1725.6597151337
"10","Tungsten","Australia","ratio",1000
"10","Tungsten","Australia","abs",3457.06588858173
"10","Tungsten","China","ratio",67000
"10","Tungsten","China","abs",48341.4797320382
"10","Tungsten","Russia","ratio",2000
"10","Tungsten","Russia","abs",5062.25458705095
"10","Tungsten","Othercountries","ratio",1500
"10","Tungsten","Othercountries","abs",4263.31467861755
"10","Tungsten","Bolivia","ratio",1600
"10","Tungsten","Bolivia","abs",4423.6645955787
"10","Tungsten","Vietnam","ratio",3400
"10","Tungsten","Vietnam","abs",7260.89335628111
"10","Tungsten","Portugal","ratio",500
"10","Tungsten","Portugal","abs",2643.63518746457
"10","Tungsten","NorthKorea","ratio",1700
"10","Tungsten","NorthKorea","abs",4583.7135368876
"10","Tungsten","Rwanda","ratio",1200
"10","Tungsten","Rwanda","abs",3780.14369735256
"10","Tungsten","Spain","ratio",700
"10","Tungsten","Spain","abs",2971.47355630791
"10","Tungsten","Austia","ratio",800
"10","Tungsten","Austia","abs",3134.2661723911
"10","Vanadium","Brazil","ratio",5000
"10","Vanadium","Brazil","abs",16929.1568440085
"10","Vanadium","China","ratio",70000
"10","Vanadium","China","abs",40121.5938181981
"10","Vanadium","Russia","ratio",21000
"10","Vanadium","Russia","abs",31934.3123018295
"10","Vanadium","SouthAfrica","ratio",8000
"10","Vanadium","SouthAfrica","abs",19898.0380314592
"10","MagnesiumMetal","Brazil","ratio",20000
"10","MagnesiumMetal","Brazil","abs",39395.5384272226
"10","MagnesiumMetal","China","ratio",950000
"10","MagnesiumMetal","China","abs",1006053.01341149
"10","MagnesiumMetal","Russia","ratio",15000
"10","MagnesiumMetal","Russia","abs",33675.6403615091
"10","MagnesiumMetal","Turkey","ratio",15000
"10","MagnesiumMetal","Turkey","abs",33675.6437575718
"10","MagnesiumMetal","Kazakhstan","ratio",20000
"10","MagnesiumMetal","Kazakhstan","abs",39395.5337998271
"10","MagnesiumMetal","Iran","ratio",5000
"10","MagnesiumMetal","Iran","abs",22259.0965117657
"10","MagnesiumMetal","Israel","ratio",20000
"10","MagnesiumMetal","Israel","abs",39395.5261576322
"10","MagnesiumCompounds","Australia","ratio",490000
"10","MagnesiumCompounds","Australia","abs",648410.829614035
"10","MagnesiumCompounds","Brazil","ratio",1800000
"10","MagnesiumCompounds","Brazil","abs",2139843.63758179
"10","MagnesiumCompounds","Canada","ratio",150000
"10","MagnesiumCompounds","Canada","abs",245209.657470645
"10","MagnesiumCompounds","China","ratio",13000000
"10","MagnesiumCompounds","China","abs",12543911.6165269
"10","MagnesiumCompounds","India","ratio",160000
"10","MagnesiumCompounds","India","abs",257156.657246201
"10","MagnesiumCompounds","Russia","ratio",2500000
"10","MagnesiumCompounds","Russia","abs",2895406.65016084
"10","MagnesiumCompounds","Othercountries","ratio",370000
"10","MagnesiumCompounds","Othercountries","abs",506821.632742179
"10","MagnesiumCompounds","Turkey","ratio",1300000
"10","MagnesiumCompounds","Turkey","abs",1582559.20588029
"10","MagnesiumCompounds","Iran","ratio",210000
"10","MagnesiumCompounds","Iran","abs",316813.698894374
"10","MagnesiumCompounds","Spain","ratio",670000
"10","MagnesiumCompounds","Spain","abs",859283.347258898
"10","MagnesiumCompounds","Austria","ratio",760000
"10","MagnesiumCompounds","Austria","abs",964027.653030494
"10","MagnesiumCompounds","Greece","ratio",390000
"10","MagnesiumCompounds","Greece","abs",530475.011919368
"10","MagnesiumCompounds","Slovakia","ratio",380000
"10","MagnesiumCompounds","Slovakia","abs",518651.072011138
"10","Manganese","Australia","ratio",2800000
"10","Manganese","Australia","abs",3179261.27003708
"10","Manganese","Brazil","ratio",590000
"10","Manganese","Brazil","abs",700098.138732205
"10","Manganese","China","ratio",770000
"10","Manganese","China","abs",911030.053064292
"10","Manganese","India","ratio",800000
"10","Manganese","India","abs",946056.176943687
"10","Manganese","Malaysia","ratio",410000
"10","Manganese","Malaysia","abs",487880.803355482
"10","Manganese","Othercountries","ratio",1300000
"10","Manganese","Othercountries","abs",1524044.38834509
"10","Manganese","SouthAfrica","ratio",7400000
"10","Manganese","SouthAfrica","abs",6871519.81887978
"10","Manganese","Cotedivoire","ratio",360000
"10","Manganese","Cotedivoire","abs",428711.262977487
"10","Manganese","Gabon","ratio",4600000
"10","Manganese","Gabon","abs",4943609.66439328
"10","Manganese","Ghana","ratio",820000
"10","Manganese","Ghana","abs",969386.010977549
"10","Zinc","UnitedStates","ratio",750000
"10","Zinc","UnitedStates","abs",859269.665151641
"10","Zinc","Australia","ratio",1100000
"10","Zinc","Australia","abs",1242658.10531694
"10","Zinc","China","ratio",4000000
"10","Zinc","China","abs",3672690.04786581
"10","Zinc","India","ratio",860000
"10","Zinc","India","abs",981111.610740557
"10","Zinc","Russia","ratio",310000
"10","Zinc","Russia","abs",360769.404580151
"10","Zinc","Othercountries","ratio",1700000
"10","Zinc","Othercountries","abs",1867229.26895454
"10","Zinc","Bolivia","ratio",510000
"10","Zinc","Bolivia","abs",589467.238886084
"10","Zinc","Peru","ratio",1300000
"10","Zinc","Peru","abs",1455774.15895966
"10","Zinc","Kazakhstan","ratio",370000
"10","Zinc","Kazakhstan","abs",429729.19989301
"10","Zinc","Mexico","ratio",700000
"10","Zinc","Mexico","abs",803499.749212608
"10","Zinc","SouthAfrica","ratio",120000
"10","Zinc","SouthAfrica","abs",140513.879583123
"10","Zinc","Sweden","ratio",240000
"10","Zinc","Sweden","abs",279949.943021169
"10","Zirconiummineralconcentrates","UnitedStates","ratio",100000
"10","Zirconiummineralconcentrates","UnitedStates","abs",115047.181184839
"10","Zirconiummineralconcentrates","Australia","ratio",500000
"10","Zirconiummineralconcentrates","Australia","abs",465840.913271179
"10","Zirconiummineralconcentrates","China","ratio",100000
"10","Zirconiummineralconcentrates","China","abs",115047.178459998
"10","Zirconiummineralconcentrates","Othercountries","ratio",110000
"10","Zirconiummineralconcentrates","Othercountries","abs",126177.093588938
"10","Zirconiummineralconcentrates","SouthAfrica","ratio",300000
"10","Zirconiummineralconcentrates","SouthAfrica","abs",319519.064096169
"10","Zirconiummineralconcentrates","Indonesia","ratio",95000
"10","Zirconiummineralconcentrates","Indonesia","abs",109453.982447565
"10","Zirconiummineralconcentrates","Madagascar","ratio",30000
"10","Zirconiummineralconcentrates","Madagascar","abs",35169.9543724198
"10","Zirconiummineralconcentrates","Mozambique","ratio",160000
"10","Zirconiummineralconcentrates","Mozambique","abs",180612.548972425
"10","Zirconiummineralconcentrates","Kenya","ratio",20000
"10","Zirconiummineralconcentrates","Kenya","abs",23503.8568429245
"10","Zirconiummineralconcentrates","Senegal","ratio",60000
"10","Zirconiummineralconcentrates","Senegal","abs",69802.2418990132
"10","Zirconiummineralconcentrates","SierraLeone","ratio",20000
"10","Zirconiummineralconcentrates","SierraLeone","abs",23503.853710792
"10","Alumina","UnitedStates","ratio",720000
"10","Alumina","UnitedStates","abs",1162773.32870455
"10","Alumina","Australia","ratio",18000000
"10","Alumina","Australia","abs",20567021.4691388
"10","Alumina","Brazil","ratio",11000000
"10","Alumina","Brazil","abs",13041664.3221572
"10","Alumina","Canada","ratio",1500000
"10","Alumina","Canada","abs",2097582.7597378
"10","Alumina","China","ratio",84000000
"10","Alumina","China","abs",80811919.1497492
"10","Alumina","India","ratio",7600000
"10","Alumina","India","abs",9221784.93824643
"10","Alumina","Russia","ratio",2900000
"10","Alumina","Russia","abs",3762384.5920536
"10","Alumina","UnitedArabEmirates","ratio",2400000
"10","Alumina","UnitedArabEmirates","abs",3169772.41933853
"10","Alumina","Othercountries","ratio",1500000
"10","Alumina","Othercountries","abs",2097582.76109278
"10","Alumina","Germany","ratio",960000
"10","Alumina","Germany","abs",1450948.27319786
"10","Alumina","Turkey","ratio",320000
"10","Alumina","Turkey","abs",681449.457646228
"10","Alumina","Kazakhstan","ratio",1400000
"10","Alumina","Kazakhstan","abs",1978021.36458676
"10","Alumina","Indonesia","ratio",1300000
"10","Alumina","Indonesia","abs",1858375.16376387
"10","Alumina","Vietnam","ratio",1500000
"10","Alumina","Vietnam","abs",2097582.76224153
"10","Alumina","Spain","ratio",820000
"10","Alumina","Spain","abs",1282903.932639
"10","Alumina","Greece","ratio",860000
"10","Alumina","Greece","abs",1330933.14873934
"10","Alumina","Guinea","ratio",300000
"10","Alumina","Guinea","abs",657351.378497287
"10","Alumina","Ireland","ratio",1600000
"10","Alumina","Ireland","abs",2217059.04826361
"10","Alumina","Jamaica","ratio",1500000
"10","Alumina","Jamaica","abs",2097582.76189616
"10","Alumina","SaudiArabia","ratio",1800000
"10","Alumina","SaudiArabia","abs",2455755.1415761
"10","Bauxite","Australia","ratio",100000000
"10","Bauxite","Australia","abs",104392603.264308
"10","Bauxite","Brazil","ratio",33000000
"10","Bauxite","Brazil","abs",37785212.4616368
"10","Bauxite","China","ratio",93000000
"10","Bauxite","China","abs",98304677.5731434
"10","Bauxite","India","ratio",25000000
"10","Bauxite","India","abs",28850419.7917665
"10","Bauxite","Russia","ratio",6300000
"10","Bauxite","Russia","abs",7390853.9526769
"10","Bauxite","Othercountries","ratio",5700000
"10","Bauxite","Othercountries","abs",6690228.00986829
"10","Bauxite","Turkey","ratio",3200000
"10","Bauxite","Turkey","abs",3763472.22638218
"10","Bauxite","Kazakhstan","ratio",4900000
"10","Bauxite","Kazakhstan","abs",5754972.53294957
"10","Bauxite","Indonesia","ratio",32000000
"10","Bauxite","Indonesia","abs",36677180.1239421
"10","Bauxite","Vietnam","ratio",4200000
"10","Bauxite","Vietnam","abs",4935611.87238386
"10","Bauxite","Greece","ratio",1200000
"10","Bauxite","Greece","abs",1413533.14173636
"10","Bauxite","Guinea","ratio",130000000
"10","Bauxite","Guinea","abs",127347448.175836
"10","Bauxite","Jamaica","ratio",6100000
"10","Bauxite","Jamaica","abs",7157389.98087646
"10","Bauxite","SaudiArabia","ratio",5800000
"10","Bauxite","SaudiArabia","abs",6807047.70485265
"20","Aluminum","UnitedStates","ratio",670000
"20","Aluminum","UnitedStates","abs",1229188.69636675
"20","Aluminum","Australia","ratio",1500000
"20","Aluminum","Australia","abs",2368538.97945984
"20","Aluminum","Bahrain","ratio",1600000
"20","Aluminum","Bahrain","abs",2503996.35856458
"20","Aluminum","Brazil","ratio",1100000
"20","Aluminum","Brazil","abs",1822790.69100384
"20","Aluminum","Canada","ratio",3300000
"20","Aluminum","Canada","abs",4746065.39658296
"20","Aluminum","China","ratio",43000000
"20","Aluminum","China","abs",40133943.7222904
"20","Aluminum","Iceland","ratio",780000
"20","Aluminum","Iceland","abs",1381716.18045669
"20","Aluminum","India","ratio",4200000
"20","Aluminum","India","abs",5886446.53673287
"20","Aluminum","Malaysia","ratio",870000
"20","Aluminum","Malaysia","abs",1506167.23859081
"20","Aluminum","Norway","ratio",1300000
"20","Aluminum","Norway","abs",2096446.46547601
"20","Aluminum","Russia","ratio",3800000
"20","Aluminum","Russia","abs",5383580.37716405
"20","Aluminum","UnitedArabEmirates","ratio",2700000
"20","Aluminum","UnitedArabEmirates","abs",3967892.28318484
"20","Aluminum","Othercountries","ratio",6800000
"20","Aluminum","Othercountries","abs",9004074.90016373
"20","Boron","China","ratio",340000
"20","Boron","China","abs",500116.392155122
"20","Boron","Russia","ratio",80000
"20","Boron","Russia","abs",157872.953733718
"20","Boron","Argentina","ratio",160000
"20","Boron","Argentina","abs",267072.330098961
"20","Boron","Bolivia","ratio",230000
"20","Boron","Bolivia","abs",359815.207105717
"20","Boron","Chile","ratio",420000
"20","Boron","Chile","abs",597971.1532936
"20","Boron","Germany","ratio",40000
"20","Boron","Germany","abs",102050.580201237
"20","Boron","Peru","ratio",300000
"20","Boron","Peru","abs",449870.815611934
"20","Boron","Turkey","ratio",3000000
"20","Boron","Turkey","abs",2851259.41509461
"20","Cadmium","UnitedStates","ratio",300
"20","Cadmium","UnitedStates","abs",406.599304841808
"20","Cadmium","Australia","ratio",900
"20","Cadmium","Australia","abs",1055.40835949117
"20","Cadmium","Canada","ratio",1700
"20","Cadmium","Canada","abs",2121.02099114538
"20","Cadmium","China","ratio",9300
"20","Cadmium","China","abs",8944.49717000615
"20","Cadmium","Norway","ratio",350
"20","Cadmium","Norway","abs",442.619578077424
"20","Cadmium","Russia","ratio",800
"20","Cadmium","Russia","abs",1085.81550512886
"20","Cadmium","Germany","ratio",170
"20","Cadmium","Germany","abs",228.589461847457
"20","Cadmium","Peru","ratio",620
"20","Cadmium","Peru","abs",736.268305951764
"20","Cadmium","Bulgaria","ratio",300
"20","Cadmium","Bulgaria","abs",402.267193566795
"20","Cadmium","Japan","ratio",1700
"20","Cadmium","Japan","abs",2137.59402087134
"20","Cadmium","Kazakhstan","ratio",1000
"20","Cadmium","Kazakhstan","abs",1377.28537575434
"20","Cadmium","RepublicofKorea","ratio",4500
"20","Cadmium","RepublicofKorea","abs",5074.60395785221
"20","Cadmium","Mexico","ratio",1200
"20","Cadmium","Mexico","abs",1394.16807966526
"20","Cadmium","Netherlands","ratio",400
"20","Cadmium","Netherlands","abs",544.288351769699
"20","Cadmium","Poland","ratio",250
"20","Cadmium","Poland","abs",306.981523570987
"20","Cadmium","Uzbekistan","ratio",200
"20","Cadmium","Uzbekistan","abs",186.529243276441
"20","Chromium","Brazil","ratio",1400000
"20","Chromium","Brazil","abs",1973014.56118241
"20","Chromium","India","ratio",4100000
"20","Chromium","India","abs",5565954.38677166
"20","Chromium","Othercountries","ratio",2900000
"20","Chromium","Othercountries","abs",4006438.10728996
"20","Chromium","Turkey","ratio",8000000
"20","Chromium","Turkey","abs",10141089.5518701
"20","Chromium","Kazakhstan","ratio",6500000
"20","Chromium","Kazakhstan","abs",8479119.75064544
"20","Chromium","Finland","ratio",1900000
"20","Chromium","Finland","abs",2660576.02325974
"20","Chromium","SouthAfrica","ratio",21000000
"20","Chromium","SouthAfrica","abs",17862449.4835334
"20","Chromium","Zimbabwe","ratio",1100000
"20","Chromium","Zimbabwe","abs",1556027.19973938
"20","Cobalt","UnitedStates","ratio",300
"20","Cobalt","UnitedStates","abs",15024.3306395087
"20","Cobalt","Australia","ratio",3600
"20","Cobalt","Australia","abs",18382.9816079139
"20","Cobalt","Canada","ratio",4500
"20","Cobalt","Canada","abs",19401.5039091561
"20","Cobalt","Russia","ratio",8700
"20","Cobalt","Russia","abs",23941.2149493726
"20","Cobalt","Othercountries","ratio",6200
"20","Cobalt","Othercountries","abs",21276.9232026776
"20","Cobalt","Turkey","ratio",2700
"20","Cobalt","Turkey","abs",17344.1526668477
"20","Cobalt","Congo","ratio",220000
"20","Cobalt","Congo","abs",70613.7733192304
"20","Cobalt","Cuba","ratio",3500
"20","Cobalt","Cuba","abs",18268.5820055121
"20","Cobalt","Indonesia","ratio",28000
"20","Cobalt","Indonesia","abs",44387.6739809901
"20","Cobalt","Madagascar","ratio",2600
"20","Cobalt","Madagascar","abs",17227.4203166273
"20","Cobalt","NewCaledonia","ratio",1500
"20","Cobalt","NewCaledonia","abs",15924.9985885413
"20","Cobalt","PapuaNewGuinea","ratio",2800
"20","Cobalt","PapuaNewGuinea","abs",17460.6513406949
"20","Cobalt","Philippines","ratio",3800
"20","Cobalt","Philippines","abs",18611.0040214691
"20","Copper","UnitedStates","ratio",1100000
"20","Copper","UnitedStates","abs",1361842.80098879
"20","Copper","Australia","ratio",800000
"20","Copper","Australia","abs",1003720.49799099
"20","Copper","Canada","ratio",450000
"20","Copper","Canada","abs",573112.367707708
"20","Copper","China","ratio",1800000
"20","Copper","China","abs",2156272.97171354
"20","Copper","India","ratio",30000
"20","Copper","India","abs",38869.7770185096
"20","Copper","Russia","ratio",930000
"20","Copper","Russia","abs",1160170.79539555
"20","Copper","Othercountries","ratio",2700000
"20","Copper","Othercountries","abs",3088072.41764379
"20","Copper","Chile","ratio",5300000
"20","Copper","Chile","abs",5164670.81717341
"20","Copper","Peru","ratio",2600000
"20","Copper","Peru","abs",2989714.15606599
"20","Copper","Kazakhstan","ratio",740000
"20","Copper","Kazakhstan","abs",930868.624210431
"20","Copper","Mexico","ratio",700000
"20","Copper","Mexico","abs",882076.523130639
"20","Copper","Poland","ratio",410000
"20","Copper","Poland","abs",523043.487431701
"20","Copper","Congo","ratio",3300000
"20","Copper","Congo","abs",3650172.45603443
"20","Copper","Indonesia","ratio",1100000
"20","Copper","Indonesia","abs",1361842.8009976
"20","Copper","Zambia","ratio",680000
"20","Copper","Zambia","abs",857613.499035799
"20","RareEarths","UnitedStates","ratio",45000
"20","RareEarths","UnitedStates","abs",61239.0461552015
"20","RareEarths","Australia","ratio",13000
"20","RareEarths","Australia","abs",20918.3044241674
"20","RareEarths","Brazil","ratio",20
"20","RareEarths","Brazil","abs",3756.06853160567
"20","RareEarths","China","ratio",270000
"20","RareEarths","China","abs",256685.5142474
"20","RareEarths","India","ratio",2900
"20","RareEarths","India","abs",6992.3473474359
"20","RareEarths","Malaysia","ratio",130
"20","RareEarths","Malaysia","abs",3103.96751287049
"20","RareEarths","Russia","ratio",2500
"20","RareEarths","Russia","abs",6430.82360398723
"20","RareEarths","Othercountries","ratio",1100
"20","RareEarths","Othercountries","abs",4460.60629442806
"20","RareEarths","Madagascar","ratio",2000
"20","RareEarths","Madagascar","abs",5727.54936569288
"20","RareEarths","Burma","ratio",31000
"20","RareEarths","Burma","abs",44331.4465810599
"20","RareEarths","Nigeria","ratio",13000
"20","RareEarths","Nigeria","abs",20918.0838164779
"20","RareEarths","Thailand","ratio",13000
"20","RareEarths","Thailand","abs",20917.9054066449
"20","RareEarths","Vietnam","ratio",300
"20","RareEarths","Vietnam","abs",3338.17342054541
"20","Lead","UnitedStates","ratio",300000
"20","Lead","UnitedStates","abs",404121.175824236
"20","Lead","Australia","ratio",430000
"20","Lead","Australia","abs",565882.012615574
"20","Lead","China","ratio",1900000
"20","Lead","China","abs",1574938.92541027
"20","Lead","India","ratio",220000
"20","Lead","India","abs",300319.167647395
"20","Lead","Russia","ratio",220000
"20","Lead","Russia","abs",300319.168007233
"20","Lead","Othercountries","ratio",520000
"20","Lead","Othercountries","abs",672439.90682123
"20","Lead","Bolivia","ratio",60000
"20","Lead","Bolivia","abs",83924.1913888857
"20","Lead","Peru","ratio",270000
"20","Lead","Peru","abs",365559.204601266
"20","Lead","Turkey","ratio",70000
"20","Lead","Turkey","abs",97770.6088016877
"20","Lead","Mexico","ratio",180000
"20","Lead","Mexico","abs",247282.505690937
"20","Lead","Iran","ratio",60000
"20","Lead","Iran","abs",83924.1841591959
"20","Lead","Sweden","ratio",70000
"20","Lead","Sweden","abs",97770.6103416336
"20","Lead","Tajikistan","ratio",40000
"20","Lead","Tajikistan","abs",56109.1458719125
"20","Lithium","Australia","ratio",88000
"20","Lithium","Australia","abs",80491.3670251724
"20","Lithium","Brazil","ratio",10000
"20","Lithium","Brazil","abs",13593.6103124654
"20","Lithium","Canada","ratio",4300
"20","Lithium","Canada","abs",5938.62004602921
"20","Lithium","China","ratio",41000
"20","Lithium","China","abs",49593.0114674722
"20","Lithium","Argentina","ratio",18000
"20","Lithium","Argentina","abs",23846.5227302108
"20","Lithium","Chile","ratio",49000
"20","Lithium","Chile","abs",57035.4020305606
"20","Lithium","Zimbabwe","ratio",22000
"20","Lithium","Zimbabwe","abs",28742.8038301404
"20","Lithium","Namibia","ratio",2700
"20","Lithium","Namibia","abs",3730.55892388673
"20","Lithium","Portugal","ratio",380
"20","Lithium","Portugal","abs",504.783133302349
"20","Molybdenum","UnitedStates","ratio",33000
"20","Molybdenum","UnitedStates","abs",42533.1221835394
"20","Molybdenum","Australia","ratio",1000
"20","Molybdenum","Australia","abs",1394.47878612744
"20","Molybdenum","Canada","ratio",1200
"20","Molybdenum","Canada","abs",1659.74877839905
"20","Molybdenum","China","ratio",110000
"20","Molybdenum","China","abs",95250.3002497121
"20","Molybdenum","Russia","ratio",1700
"20","Molybdenum","Russia","abs",2353.74610908879
"20","Molybdenum","Chile","ratio",38000
"20","Molybdenum","Chile","abs",48138.161189524
"20","Molybdenum","Peru","ratio",41000
"20","Molybdenum","Peru","abs",51344.2092276199
"20","Molybdenum","Kazakhstan","ratio",3900
"20","Molybdenum","Kazakhstan","abs",5454.644747348
"20","Molybdenum","RepublicofKorea","ratio",300
"20","Molybdenum","RepublicofKorea","abs",424.096639891398
"20","Molybdenum","Mexico","ratio",17000
"20","Molybdenum","Mexico","abs",22996.8922403996
"20","Molybdenum","Uzbekistan","ratio",1700
"20","Molybdenum","Uzbekistan","abs",2353.72217499005
"20","Molybdenum","Iran","ratio",3000
"20","Molybdenum","Iran","abs",4206.82086168784
"20","Molybdenum","Armenia","ratio",8000
"20","Molybdenum","Armenia","abs",11082.8406040638
"20","Molybdenum","NorthKorea","ratio",700
"20","Molybdenum","NorthKorea","abs",986.506036911804
"20","Molybdenum","Mongolia","ratio",3100
"20","Molybdenum","Mongolia","abs",4346.78406581533
"20","Nickel","UnitedStates","ratio",8000
"20","Nickel","UnitedStates","abs",86297.3370906294
"20","Nickel","Australia","ratio",110000
"20","Nickel","Australia","abs",315839.524095572
"20","Nickel","Brazil","ratio",77000
"20","Nickel","Brazil","abs",252688.892727557
"20","Nickel","Canada","ratio",190000
"20","Nickel","Canada","abs",440409.686884873
"20","Nickel","China","ratio",120000
"20","Nickel","China","abs",333385.463358561
"20","Nickel","Russia","ratio",210000
"20","Nickel","Russia","abs",467059.584250173
"20","Nickel","Othercountries","ratio",300000
"20","Nickel","Othercountries","abs",573518.45650611
"20","Nickel","Indonesia","ratio",2200000
"20","Nickel","Indonesia","abs",570746.017219363
"20","Nickel","NewCaledonia","ratio",110000
"20","Nickel","NewCaledonia","abs",315839.565147687
"20","Nickel","Philippines","ratio",330000
"20","Nickel","Philippines","abs",605616.140782804
"20","Niobium","Brazil","ratio",100000
"20","Niobium","Brazil","abs",25577.1555269991
"20","Niobium","Canada","ratio",7100
"20","Niobium","Canada","abs",22451.6579866724
"20","Niobium","Russia","ratio",350
"20","Niobium","Russia","abs",17745.7363458998
"20","Niobium","Othercountries","ratio",120
"20","Niobium","Othercountries","abs",19848.9226649954
"20","Niobium","Congo","ratio",700
"20","Niobium","Congo","abs",17079.1472780665
"20","Niobium","Rwanda","ratio",200
"20","Niobium","Rwanda","abs",18659.534410491
"20","Selenium","Canada","ratio",130
"20","Selenium","Canada","abs",202.486472388819
"20","Selenium","China","ratio",1800
"20","Selenium","China","abs",1670.32622070688
"20","Selenium","India","ratio",14
"20","Selenium","India","abs",8.63586673323428
"20","Selenium","Russia","ratio",340
"20","Selenium","Russia","abs",480.356801441249
"20","Selenium","Germany","ratio",50
"20","Selenium","Germany","abs",31.0716817714441
"20","Selenium","Peru","ratio",50
"20","Selenium","Peru","abs",31.0721196859347
"20","Selenium","Turkey","ratio",50
"20","Selenium","Turkey","abs",31.0716817714441
"20","Selenium","Japan","ratio",710
"20","Selenium","Japan","abs",953.172946525696
"20","Selenium","Poland","ratio",74
"20","Selenium","Poland","abs",46.2151406584017
"20","Selenium","Uzbekistan","ratio",2
"20","Selenium","Uzbekistan","abs",1.04108838256476
"20","Selenium","Finland","ratio",170
"20","Selenium","Finland","abs",241.054693323702
"20","Selenium","SouthAfrica","ratio",9
"20","Selenium","SouthAfrica","abs",4.58748210559307
"20","Selenium","Belgium","ratio",200
"20","Selenium","Belgium","abs",293.983142894138
"20","Selenium","Serbia","ratio",60
"20","Selenium","Serbia","abs",37.3631771813168
"20","Silicon","Brazil","ratio",200000
"20","Silicon","Brazil","abs",305316.568899625
"20","Silicon","Canada","ratio",20000
"20","Silicon","Canada","abs",59534.0865683342
"20","Silicon","China","ratio",3500000
"20","Silicon","China","abs",3324536.18895439
"20","Silicon","Iceland","ratio",70000
"20","Silicon","Iceland","abs",129497.270572761
"20","Silicon","India","ratio",60000
"20","Silicon","India","abs",115602.791667504
"20","Silicon","Malaysia","ratio",130000
"20","Silicon","Malaysia","abs",211766.197840374
"20","Silicon","Norway","ratio",180000
"20","Silicon","Norway","abs",278857.331612736
"20","Silicon","Russia","ratio",470000
"20","Silicon","Russia","abs",641697.394335297
"20","Silicon","Othercountries","ratio",130000
"20","Silicon","Othercountries","abs",211766.213028697
"20","Silicon","Kazakhstan","ratio",130000
"20","Silicon","Kazakhstan","abs",211766.19582993
"20","Silicon","Poland","ratio",30000
"20","Silicon","Poland","abs",73619.6576179737
"20","Silicon","SouthAfrica","ratio",40000
"20","Silicon","SouthAfrica","abs",87662.3698768333
"20","Silicon","France","ratio",20000
"20","Silicon","France","abs",59534.0845053426
"20","Silicon","Bhutan","ratio",80000
"20","Silicon","Bhutan","abs",143340.153069925
"20","Silicon","Spain","ratio",40000
"20","Silicon","Spain","abs",87662.3712516335
"20","Tantalum","Australia","ratio",52
"20","Tantalum","Australia","abs",32.2883620336342
"20","Tantalum","Brazil","ratio",210
"20","Tantalum","Brazil","abs",291.922471604464
"20","Tantalum","China","ratio",76
"20","Tantalum","China","abs",58.620928146979
"20","Tantalum","Russia","ratio",29
"20","Tantalum","Russia","abs",17.8586228266788
"20","Tantalum","Bolivia","ratio",2
"20","Tantalum","Bolivia","abs",1.11432218810463
"20","Tantalum","Congo","ratio",880
"20","Tantalum","Congo","abs",879.517038634922
"20","Tantalum","Nigeria","ratio",390
"20","Tantalum","Nigeria","abs",496.909789129876
"20","Tantalum","Rwanda","ratio",350
"20","Tantalum","Rwanda","abs",469.256698513305
"20","Tantalum","Burundi","ratio",2
"20","Tantalum","Burundi","abs",1.11458175741502
"20","Tantalum","Ethiopia","ratio",40
"20","Tantalum","Ethiopia","abs",24.730021863377
"20","Tantalum","Mozambique","ratio",55
"20","Tantalum","Mozambique","abs",34.188194986335
"20","Tellurium","Canada","ratio",27
"20","Tellurium","Canada","abs",16.2706396775787
"20","Tellurium","China","ratio",750
"20","Tellurium","China","abs",402.954384831315
"20","Tellurium","Russia","ratio",70
"20","Tellurium","Russia","abs",229.617407121938
"20","Tellurium","Bulgaria","ratio",1
"20","Tellurium","Bulgaria","abs",0.54692308114195
"20","Tellurium","Japan","ratio",70
"20","Tellurium","Japan","abs",229.667669916432
"20","Tellurium","Uzbekistan","ratio",13
"20","Tellurium","Uzbekistan","abs",7.75368432887177
"20","Tellurium","SouthAfrica","ratio",4
"20","Tellurium","SouthAfrica","abs",2.37012465563275
"20","Tellurium","Sweden","ratio",46
"20","Tellurium","Sweden","abs",209.933927756037
"20","Tin","Australia","ratio",9900
"20","Tin","Australia","abs",12552.2747912095
"20","Tin","Brazil","ratio",29000
"20","Tin","Brazil","abs",34374.9207552496
"20","Tin","China","ratio",69000
"20","Tin","China","abs",68273.9316918618
"20","Tin","Malaysia","ratio",3000
"20","Tin","Malaysia","abs",3886.71362577473
"20","Tin","Russia","ratio",3000
"20","Tin","Russia","abs",3886.98785876122
"20","Tin","Othercountries","ratio",1800
"20","Tin","Othercountries","abs",2340.63193239362
"20","Tin","Bolivia","ratio",21000
"20","Tin","Bolivia","abs",25639.9400465746
"20","Tin","Peru","ratio",31000
"20","Tin","Peru","abs",36463.0012026589
"20","Tin","Congo","ratio",25000
"20","Tin","Congo","abs",30083.1020914588
"20","Tin","Indonesia","ratio",50000
"20","Tin","Indonesia","abs",54280.5395481584
"20","Tin","Burma","ratio",34000
"20","Tin","Burma","abs",39521.0368698329
"20","Tin","Nigeria","ratio",7000
"20","Tin","Nigeria","abs",8957.78053340329
"20","Tin","Vietnam","ratio",6700
"20","Tin","Vietnam","abs",8581.32211008734
"20","Tin","Rwanda","ratio",3600
"20","Tin","Rwanda","abs",4655.85112759825
"20","Tin","Laos","ratio",1500
"20","Tin","Laos","abs",1952.31342050267
"20","Tungsten","Australia","ratio",1000
"20","Tungsten","Australia","abs",5465.02214275527
"20","Tungsten","China","ratio",67000
"20","Tungsten","China","abs",24689.4195308268
"20","Tungsten","Russia","ratio",2000
"20","Tungsten","Russia","abs",8074.80797391884
"20","Tungsten","Othercountries","ratio",1500
"20","Tungsten","Othercountries","abs",6780.28896816352
"20","Tungsten","Bolivia","ratio",1600
"20","Tungsten","Bolivia","abs",7040.78679928382
"20","Tungsten","Vietnam","ratio",3400
"20","Tungsten","Vietnam","abs",11582.1903982479
"20","Tungsten","Portugal","ratio",500
"20","Tungsten","Portugal","abs",4131.23477890778
"20","Tungsten","NorthKorea","ratio",1700
"20","Tungsten","NorthKorea","abs",7300.44828317756
"20","Tungsten","Rwanda","ratio",1200
"20","Tungsten","Rwanda","abs",5992.49152172253
"20","Tungsten","Spain","ratio",700
"20","Tungsten","Spain","abs",4672.06602653701
"20","Tungsten","Austia","ratio",800
"20","Tungsten","Austia","abs",4939.21415833538
"20","Vanadium","Brazil","ratio",5000
"20","Vanadium","Brazil","abs",18129.7140825471
"20","Vanadium","China","ratio",70000
"20","Vanadium","China","abs",44813.8801909981
"20","Vanadium","Russia","ratio",21000
"20","Vanadium","Russia","abs",31840.9441938252
"20","Vanadium","SouthAfrica","ratio",8000
"20","Vanadium","SouthAfrica","abs",20900.4826187688
"20","MagnesiumMetal","Brazil","ratio",20000
"20","MagnesiumMetal","Brazil","abs",46115.4792287916
"20","MagnesiumMetal","China","ratio",950000
"20","MagnesiumMetal","China","abs",1008782.47672773
"20","MagnesiumMetal","Russia","ratio",15000
"20","MagnesiumMetal","Russia","abs",39619.3815972297
"20","MagnesiumMetal","Turkey","ratio",15000
"20","MagnesiumMetal","Turkey","abs",39619.3865206518
"20","MagnesiumMetal","Kazakhstan","ratio",20000
"20","MagnesiumMetal","Kazakhstan","abs",46115.4732877736
"20","MagnesiumMetal","Iran","ratio",5000
"20","MagnesiumMetal","Iran","abs",26688.6605349738
"20","MagnesiumMetal","Israel","ratio",20000
"20","MagnesiumMetal","Israel","abs",46115.4612137953
"20","MagnesiumCompounds","Australia","ratio",490000
"20","MagnesiumCompounds","Australia","abs",756320.756369409
"20","MagnesiumCompounds","Brazil","ratio",1800000
"20","MagnesiumCompounds","Brazil","abs",2417502.3140482
"20","MagnesiumCompounds","Canada","ratio",150000
"20","MagnesiumCompounds","Canada","abs",288567.619562776
"20","MagnesiumCompounds","China","ratio",13000000
"20","MagnesiumCompounds","China","abs",12188025.4270666
"20","MagnesiumCompounds","India","ratio",160000
"20","MagnesiumCompounds","India","abs",302535.321314628
"20","MagnesiumCompounds","Russia","ratio",2500000
"20","MagnesiumCompounds","Russia","abs",3217193.67119461
"20","MagnesiumCompounds","Othercountries","ratio",370000
"20","MagnesiumCompounds","Othercountries","abs",592931.124714877
"20","MagnesiumCompounds","Turkey","ratio",1300000
"20","MagnesiumCompounds","Turkey","abs",1809762.38134978
"20","MagnesiumCompounds","Iran","ratio",210000
"20","MagnesiumCompounds","Iran","abs",372186.196187585
"20","MagnesiumCompounds","Spain","ratio",670000
"20","MagnesiumCompounds","Spain","abs",997877.662911944
"20","MagnesiumCompounds","Austria","ratio",760000
"20","MagnesiumCompounds","Austria","abs",1117059.34537386
"20","MagnesiumCompounds","Greece","ratio",390000
"20","MagnesiumCompounds","Greece","abs",620292.596129634
"20","MagnesiumCompounds","Slovakia","ratio",380000
"20","MagnesiumCompounds","Slovakia","abs",606618.348047764
"20","Manganese","Australia","ratio",2800000
"20","Manganese","Australia","abs",3491824.99694068
"20","Manganese","Brazil","ratio",590000
"20","Manganese","Brazil","abs",807282.429729114
"20","Manganese","China","ratio",770000
"20","Manganese","China","abs",1046835.41226125
"20","Manganese","India","ratio",800000
"20","Manganese","India","abs",1086439.96452992
"20","Manganese","Malaysia","ratio",410000
"20","Manganese","Malaysia","abs",564503.14659174
"20","Manganese","Othercountries","ratio",1300000
"20","Manganese","Othercountries","abs",1732444.3582316
"20","Manganese","SouthAfrica","ratio",7400000
"20","Manganese","SouthAfrica","abs",6716272.68968661
"20","Manganese","Cotedivoire","ratio",360000
"20","Manganese","Cotedivoire","abs",496505.666350154
"20","Manganese","Gabon","ratio",4600000
"20","Manganese","Gabon","abs",5177833.88566187
"20","Manganese","Ghana","ratio",820000
"20","Manganese","Ghana","abs",1112791.36598727
"20","Zinc","UnitedStates","ratio",750000
"20","Zinc","UnitedStates","abs",957744.340433086
"20","Zinc","Australia","ratio",1100000
"20","Zinc","Australia","abs",1365826.07904091
"20","Zinc","China","ratio",4000000
"20","Zinc","China","abs",3562271.13216969
"20","Zinc","India","ratio",860000
"20","Zinc","India","abs",1088841.68844149
"20","Zinc","Russia","ratio",310000
"20","Zinc","Russia","abs",408793.015817205
"20","Zinc","Othercountries","ratio",1700000
"20","Zinc","Othercountries","abs",2000383.51207762
"20","Zinc","Bolivia","ratio",510000
"20","Zinc","Bolivia","abs",663055.942700389
"20","Zinc","Peru","ratio",1300000
"20","Zinc","Peru","abs",1586796.39012945
"20","Zinc","Kazakhstan","ratio",370000
"20","Zinc","Kazakhstan","abs",485876.268618676
"20","Zinc","Mexico","ratio",700000
"20","Zinc","Mexico","abs",897318.119444762
"20","Zinc","SouthAfrica","ratio",120000
"20","Zinc","SouthAfrica","abs",160291.652393204
"20","Zinc","Sweden","ratio",240000
"20","Zinc","Sweden","abs",318010.312566091
"20","Zirconiummineralconcentrates","UnitedStates","ratio",100000
"20","Zirconiummineralconcentrates","UnitedStates","abs",128858.006519289
"20","Zirconiummineralconcentrates","Australia","ratio",500000
"20","Zirconiummineralconcentrates","Australia","abs",455770.852994097
"20","Zirconiummineralconcentrates","China","ratio",100000
"20","Zirconiummineralconcentrates","China","abs",128858.003597453
"20","Zirconiummineralconcentrates","Othercountries","ratio",110000
"20","Zirconiummineralconcentrates","Othercountries","abs",140894.70745736
"20","Zirconiummineralconcentrates","SouthAfrica","ratio",300000
"20","Zirconiummineralconcentrates","SouthAfrica","abs",334504.492670963
"20","Zirconiummineralconcentrates","Indonesia","ratio",95000
"20","Zirconiummineralconcentrates","Indonesia","abs",122778.074623382
"20","Zirconiummineralconcentrates","Madagascar","ratio",30000
"20","Zirconiummineralconcentrates","Madagascar","abs",40192.275888457
"20","Zirconiummineralconcentrates","Mozambique","ratio",160000
"20","Zirconiummineralconcentrates","Mozambique","abs",198513.677295705
"20","Zirconiummineralconcentrates","Kenya","ratio",20000
"20","Zirconiummineralconcentrates","Kenya","abs",26932.9682061972
"20","Zirconiummineralconcentrates","Senegal","ratio",60000
"20","Zirconiummineralconcentrates","Senegal","abs",79105.5588820394
"20","Zirconiummineralconcentrates","SierraLeone","ratio",20000
"20","Zirconiummineralconcentrates","SierraLeone","abs",26932.9645458713
"20","Alumina","UnitedStates","ratio",720000
"20","Alumina","UnitedStates","abs",1372453.90562906
"20","Alumina","Australia","ratio",18000000
"20","Alumina","Australia","abs",22716455.1488778
"20","Alumina","Brazil","ratio",11000000
"20","Alumina","Brazil","abs",14788412.5579043
"20","Alumina","Canada","ratio",1500000
"20","Alumina","Canada","abs",2467721.69881658
"20","Alumina","China","ratio",84000000
"20","Alumina","China","abs",78407808.6774152
"20","Alumina","India","ratio",7600000
"20","Alumina","India","abs",10595747.7669823
"20","Alumina","Russia","ratio",2900000
"20","Alumina","Russia","abs",4402246.02394009
"20","Alumina","UnitedArabEmirates","ratio",2400000
"20","Alumina","UnitedArabEmirates","abs",3716010.20881362
"20","Alumina","Othercountries","ratio",1500000
"20","Alumina","Othercountries","abs",2467721.70117404
"20","Alumina","Germany","ratio",960000
"20","Alumina","Germany","abs",1710770.58004063
"20","Alumina","Turkey","ratio",320000
"20","Alumina","Turkey","abs",806073.797777534
"20","Alumina","Kazakhstan","ratio",1400000
"20","Alumina","Kazakhstan","abs",2327993.94598965
"20","Alumina","Indonesia","ratio",1300000
"20","Alumina","Indonesia","abs",2188061.80097129
"20","Alumina","Vietnam","ratio",1500000
"20","Alumina","Vietnam","abs",2467721.70316836
"20","Alumina","Spain","ratio",820000
"20","Alumina","Spain","abs",1513559.49698771
"20","Alumina","Greece","ratio",860000
"20","Alumina","Greece","abs",1569945.71896017
"20","Alumina","Guinea","ratio",300000
"20","Alumina","Guinea","abs",777676.388078808
"20","Alumina","Ireland","ratio",1600000
"20","Alumina","Ireland","abs",2607244.627753
"20","Alumina","Jamaica","ratio",1500000
"20","Alumina","Jamaica","abs",2467721.70257084
"20","Alumina","SaudiArabia","ratio",1800000
"20","Alumina","SaudiArabia","abs",2885674.398524
"20","Bauxite","Australia","ratio",100000000
"20","Bauxite","Australia","abs",108758712.602523
"20","Bauxite","Brazil","ratio",33000000
"20","Bauxite","Brazil","abs",42376447.5074855
"20","Bauxite","China","ratio",93000000
"20","Bauxite","China","abs",103252974.354345
"20","Bauxite","India","ratio",25000000
"20","Bauxite","India","abs",32606819.7785786
"20","Bauxite","Russia","ratio",6300000
"20","Bauxite","Russia","abs",8495733.34996088
"20","Bauxite","Othercountries","ratio",5700000
"20","Bauxite","Othercountries","abs",7694344.91799059
"20","Bauxite","Turkey","ratio",3200000
"20","Bauxite","Turkey","abs",4337577.49691393
"20","Bauxite","Kazakhstan","ratio",4900000
"20","Bauxite","Kazakhstan","abs",6623266.08322354
"20","Bauxite","Indonesia","ratio",32000000
"20","Bauxite","Indonesia","abs",41174146.0473986
"20","Bauxite","Vietnam","ratio",4200000
"20","Bauxite","Vietnam","abs",5683683.25320814
"20","Bauxite","Greece","ratio",1200000
"20","Bauxite","Greece","abs",1631916.9548346
"20","Bauxite","Guinea","ratio",130000000
"20","Bauxite","Guinea","abs",128265053.287781
"20","Bauxite","Jamaica","ratio",6100000
"20","Bauxite","Jamaica","abs",8228787.32011752
"20","Bauxite","SaudiArabia","ratio",5800000
"20","Bauxite","SaudiArabia","abs",7828024.22934635
"30","Aluminum","UnitedStates","ratio",670000
"30","Aluminum","UnitedStates","abs",1414836.97916942
"30","Aluminum","Australia","ratio",1500000
"30","Aluminum","Australia","abs",2709118.20193377
"30","Aluminum","Bahrain","ratio",1600000
"30","Aluminum","Bahrain","abs",2861969.81991899
"30","Aluminum","Brazil","ratio",1100000
"30","Aluminum","Brazil","abs",2091068.9444133
"30","Aluminum","Canada","ratio",3300000
"30","Aluminum","Canada","abs",5359442.1300595
"30","Aluminum","China","ratio",43000000
"30","Aluminum","China","abs",39382093.9500896
"30","Aluminum","Iceland","ratio",780000
"30","Aluminum","Iceland","abs",1588988.66437413
"30","Aluminum","India","ratio",4200000
"30","Aluminum","India","abs",6605826.73793436
"30","Aluminum","Malaysia","ratio",870000
"30","Aluminum","Malaysia","abs",1730883.38282409
"30","Aluminum","Norway","ratio",1300000
"30","Aluminum","Norway","abs",2401421.94257136
"30","Aluminum","Russia","ratio",3800000
"30","Aluminum","Russia","abs",6058219.86383447
"30","Aluminum","UnitedArabEmirates","ratio",2700000
"30","Aluminum","UnitedArabEmirates","abs",4499633.51530435
"30","Aluminum","Othercountries","ratio",6800000
"30","Aluminum","Othercountries","abs",9930595.70687862
"30","Boron","China","ratio",340000
"30","Boron","China","abs",563552.706951802
"30","Boron","Russia","ratio",80000
"30","Boron","Russia","abs",182656.058683658
"30","Boron","Argentina","ratio",160000
"30","Boron","Argentina","abs",306378.408653942
"30","Boron","Bolivia","ratio",230000
"30","Boron","Bolivia","abs",409869.219592745
"30","Boron","Chile","ratio",420000
"30","Boron","Chile","abs",668652.750619642
"30","Boron","Germany","ratio",40000
"30","Boron","Germany","abs",118667.546593251
"30","Boron","Peru","ratio",300000
"30","Boron","Peru","abs",508918.094228707
"30","Boron","Turkey","ratio",3000000
"30","Boron","Turkey","abs",2805190.32558906
"30","Cadmium","UnitedStates","ratio",300
"30","Cadmium","UnitedStates","abs",460.641922686164
"30","Cadmium","Australia","ratio",900
"30","Cadmium","Australia","abs",1126.57448479744
"30","Cadmium","Canada","ratio",1700
"30","Cadmium","Canada","abs",2324.08409454692
"30","Cadmium","China","ratio",9300
"30","Cadmium","China","abs",8991.55531183487
"30","Cadmium","Norway","ratio",350
"30","Cadmium","Norway","abs",486.485549205461
"30","Cadmium","Russia","ratio",800
"30","Cadmium","Russia","abs",1231.89442344452
"30","Cadmium","Germany","ratio",170
"30","Cadmium","Germany","abs",257.229131220922
"30","Cadmium","Peru","ratio",620
"30","Cadmium","Peru","abs",789.81815031073
"30","Cadmium","Bulgaria","ratio",300
"30","Cadmium","Bulgaria","abs",453.527673393607
"30","Cadmium","Japan","ratio",1700
"30","Cadmium","Japan","abs",2349.36377348838
"30","Cadmium","Kazakhstan","ratio",1000
"30","Cadmium","Kazakhstan","abs",1571.31070064496
"30","Cadmium","RepublicofKorea","ratio",4500
"30","Cadmium","RepublicofKorea","abs",5351.93169904235
"30","Cadmium","Mexico","ratio",1200
"30","Cadmium","Mexico","abs",1484.11277120638
"30","Cadmium","Netherlands","ratio",400
"30","Cadmium","Netherlands","abs",618.215349535103
"30","Cadmium","Poland","ratio",250
"30","Cadmium","Poland","abs",329.67574926963
"30","Cadmium","Uzbekistan","ratio",200
"30","Cadmium","Uzbekistan","abs",200.515214568429
"30","Chromium","Brazil","ratio",1400000
"30","Chromium","Brazil","abs",2242389.42130599
"30","Chromium","India","ratio",4100000
"30","Chromium","India","abs",6182754.52539125
"30","Chromium","Othercountries","ratio",2900000
"30","Chromium","Othercountries","abs",4496921.23519897
"30","Chromium","Turkey","ratio",8000000
"30","Chromium","Turkey","abs",10874358.3352739
"30","Chromium","Kazakhstan","ratio",6500000
"30","Chromium","Kazakhstan","abs",9217771.92922973
"30","Chromium","Finland","ratio",1900000
"30","Chromium","Finland","abs",3011464.94197189
"30","Chromium","SouthAfrica","ratio",21000000
"30","Chromium","SouthAfrica","abs",17671650.5688978
"30","Chromium","Zimbabwe","ratio",1100000
"30","Chromium","Zimbabwe","abs",1772761.48651868
"30","Cobalt","UnitedStates","ratio",300
"30","Cobalt","UnitedStates","abs",16482.9285508642
"30","Cobalt","Australia","ratio",3600
"30","Cobalt","Australia","abs",19738.4682095558
"30","Cobalt","Canada","ratio",4500
"30","Cobalt","Canada","abs",20762.0844793182
"30","Cobalt","Russia","ratio",8700
"30","Cobalt","Russia","abs",25272.9781765345
"30","Cobalt","Othercountries","ratio",6200
"30","Cobalt","Othercountries","abs",22634.7019328965
"30","Cobalt","Turkey","ratio",2700
"30","Cobalt","Turkey","abs",18688.9882234147
"30","Cobalt","Congo","ratio",220000
"30","Cobalt","Congo","abs",76768.9848089213
"30","Cobalt","Cuba","ratio",3500
"30","Cobalt","Cuba","abs",19623.1714315044
"30","Cobalt","Indonesia","ratio",28000
"30","Cobalt","Indonesia","abs",45277.6914523761
"30","Cobalt","Madagascar","ratio",2600
"30","Cobalt","Madagascar","abs",18570.7014662129
"30","Cobalt","NewCaledonia","ratio",1500
"30","Cobalt","NewCaledonia","abs",17245.7704642248
"30","Cobalt","PapuaNewGuinea","ratio",2800
"30","Cobalt","PapuaNewGuinea","abs",18806.9736285777
"30","Cobalt","Philippines","ratio",3800
"30","Cobalt","Philippines","abs",19968.0739251699
"30","Copper","UnitedStates","ratio",1100000
"30","Copper","UnitedStates","abs",1488228.56936473
"30","Copper","Australia","ratio",800000
"30","Copper","Australia","abs",1102779.64079414
"30","Copper","Canada","ratio",450000
"30","Copper","Canada","abs",633617.019378305
"30","Copper","China","ratio",1800000
"30","Copper","China","abs",2327025.83787825
"30","Copper","India","ratio",30000
"30","Copper","India","abs",43293.8148376052
"30","Copper","Russia","ratio",930000
"30","Copper","Russia","abs",1271708.2970388
"30","Copper","Othercountries","ratio",2700000
"30","Copper","Othercountries","abs",3280118.97420058
"30","Copper","Chile","ratio",5300000
"30","Copper","Chile","abs",5267793.34341548
"30","Copper","Peru","ratio",2600000
"30","Copper","Peru","abs",3181171.19820526
"30","Copper","Kazakhstan","ratio",740000
"30","Copper","Kazakhstan","abs",1023835.42455699
"30","Copper","Mexico","ratio",700000
"30","Copper","Mexico","abs",970863.905912188
"30","Copper","Poland","ratio",410000
"30","Copper","Poland","abs",578673.491881527
"30","Copper","Congo","ratio",3300000
"30","Copper","Congo","abs",3837680.87987566
"30","Copper","Indonesia","ratio",1100000
"30","Copper","Indonesia","abs",1488228.56937414
"30","Copper","Zambia","ratio",680000
"30","Copper","Zambia","abs",944275.668270392
"30","RareEarths","UnitedStates","ratio",45000
"30","RareEarths","UnitedStates","abs",67956.8641048277
"30","RareEarths","Australia","ratio",13000
"30","RareEarths","Australia","abs",24003.0441470964
"30","RareEarths","Brazil","ratio",20
"30","RareEarths","Brazil","abs",4894.77320998362
"30","RareEarths","China","ratio",270000
"30","RareEarths","China","abs",252525.503635273
"30","RareEarths","India","ratio",2900
"30","RareEarths","India","abs",8128.68997652831
"30","RareEarths","Malaysia","ratio",130
"30","RareEarths","Malaysia","abs",3650.34203327834
"30","RareEarths","Russia","ratio",2500
"30","RareEarths","Russia","abs",7482.22034243609
"30","RareEarths","Othercountries","ratio",1100
"30","RareEarths","Othercountries","abs",5210.70743576211
"30","RareEarths","Madagascar","ratio",2000
"30","RareEarths","Madagascar","abs",6671.72950858697
"30","RareEarths","Burma","ratio",31000
"30","RareEarths","Burma","abs",49905.1919972916
"30","RareEarths","Nigeria","ratio",13000
"30","RareEarths","Nigeria","abs",24002.7169991191
"30","RareEarths","Thailand","ratio",13000
"30","RareEarths","Thailand","abs",24002.4596117803
"30","RareEarths","Vietnam","ratio",300
"30","RareEarths","Vietnam","abs",3917.88855127446
"30","Lead","UnitedStates","ratio",300000
"30","Lead","UnitedStates","abs",446747.236077728
"30","Lead","Australia","ratio",430000
"30","Lead","Australia","abs",617570.453697687
"30","Lead","China","ratio",1900000
"30","Lead","China","abs",1541698.31475684
"30","Lead","India","ratio",220000
"30","Lead","India","abs",334576.922853388
"30","Lead","Russia","ratio",220000
"30","Lead","Russia","abs",334576.923253269
"30","Lead","Othercountries","ratio",520000
"30","Lead","Othercountries","abs",727246.862682388
"30","Lead","Bolivia","ratio",60000
"30","Lead","Bolivia","abs",94906.8567681525
"30","Lead","Peru","ratio",270000
"30","Lead","Peru","abs",405300.246492134
"30","Lead","Turkey","ratio",70000
"30","Lead","Turkey","abs",110464.445036249
"30","Lead","Mexico","ratio",180000
"30","Lead","Mexico","abs",276541.888458503
"30","Lead","Iran","ratio",60000
"30","Lead","Iran","abs",94906.8488803152
"30","Lead","Sweden","ratio",70000
"30","Lead","Sweden","abs",110464.446764441
"30","Lead","Tajikistan","ratio",40000
"30","Lead","Tajikistan","abs",63567.0942463986
"30","Lithium","Australia","ratio",88000
"30","Lithium","Australia","abs",81105.6503302106
"30","Lithium","Brazil","ratio",10000
"30","Lithium","Brazil","abs",15335.0466739165
"30","Lithium","Canada","ratio",4300
"30","Lithium","Canada","abs",6757.08272177071
"30","Lithium","China","ratio",41000
"30","Lithium","China","abs",53110.2363992379
"30","Lithium","Argentina","ratio",18000
"30","Lithium","Argentina","abs",26551.1929570776
"30","Lithium","Chile","ratio",49000
"30","Lithium","Chile","abs",60284.7860476168
"30","Lithium","Zimbabwe","ratio",22000
"30","Lithium","Zimbabwe","abs",31789.0208508687
"30","Lithium","Namibia","ratio",2700
"30","Lithium","Namibia","abs",4250.47877517931
"30","Lithium","Portugal","ratio",380
"30","Lithium","Portugal","abs",570.015683436157
"30","Molybdenum","UnitedStates","ratio",33000
"30","Molybdenum","UnitedStates","abs",46330.8735828426
"30","Molybdenum","Australia","ratio",1000
"30","Molybdenum","Australia","abs",1589.55702511433
"30","Molybdenum","Canada","ratio",1200
"30","Molybdenum","Canada","abs",1880.63281106938
"30","Molybdenum","China","ratio",110000
"30","Molybdenum","China","abs",94665.5648902729
"30","Molybdenum","Russia","ratio",1700
"30","Molybdenum","Russia","abs",2674.09386332314
"30","Molybdenum","Chile","ratio",38000
"30","Molybdenum","Chile","abs",52022.2518645506
"30","Molybdenum","Peru","ratio",41000
"30","Molybdenum","Peru","abs",55216.1776009735
"30","Molybdenum","Kazakhstan","ratio",3900
"30","Molybdenum","Kazakhstan","abs",6208.23484087929
"30","Molybdenum","RepublicofKorea","ratio",300
"30","Molybdenum","RepublicofKorea","abs",483.32740294358
"30","Molybdenum","Mexico","ratio",17000
"30","Molybdenum","Mexico","abs",25679.1953252336
"30","Molybdenum","Uzbekistan","ratio",1700
"30","Molybdenum","Uzbekistan","abs",2674.0567337228
"30","Molybdenum","Iran","ratio",3000
"30","Molybdenum","Iran","abs",4795.7380911964
"30","Molybdenum","Armenia","ratio",8000
"30","Molybdenum","Armenia","abs",12543.5223907273
"30","Molybdenum","NorthKorea","ratio",700
"30","Molybdenum","NorthKorea","abs",1126.6093241147
"30","Molybdenum","Mongolia","ratio",3100
"30","Molybdenum","Mongolia","abs",4954.84903185752
"30","Nickel","UnitedStates","ratio",8000
"30","Nickel","UnitedStates","abs",96905.7154757531
"30","Nickel","Australia","ratio",110000
"30","Nickel","Australia","abs",341556.86890523
"30","Nickel","Brazil","ratio",77000
"30","Nickel","Brazil","abs",277538.557811026
"30","Nickel","Canada","ratio",190000
"30","Nickel","Canada","abs",462437.643583115
"30","Nickel","China","ratio",120000
"30","Nickel","China","abs",358971.759554237
"30","Nickel","Russia","ratio",210000
"30","Nickel","Russia","abs",487641.255186246
"30","Nickel","Othercountries","ratio",300000
"30","Nickel","Othercountries","abs",587168.27614428
"30","Nickel","Indonesia","ratio",2200000
"30","Nickel","Indonesia","abs",679462.556389808
"30","Nickel","NewCaledonia","ratio",110000
"30","Nickel","NewCaledonia","abs",341556.91656175
"30","Nickel","Philippines","ratio",330000
"30","Nickel","Philippines","abs",617001.761518407
"30","Niobium","Brazil","ratio",100000
"30","Niobium","Brazil","abs",30801.4895422761
"30","Niobium","Canada","ratio",7100
"30","Niobium","Canada","abs",22646.5819078906
"30","Niobium","Russia","ratio",350
"30","Niobium","Russia","abs",18438.4706341872
"30","Niobium","Othercountries","ratio",120
"30","Niobium","Othercountries","abs",20721.8162393575
"30","Niobium","Congo","ratio",700
"30","Niobium","Congo","abs",17624.8265263977
"30","Niobium","Rwanda","ratio",200
"30","Niobium","Rwanda","abs",19462.3706352444
"30","Selenium","Canada","ratio",130
"30","Selenium","Canada","abs",224.990987480331
"30","Selenium","China","ratio",1800
"30","Selenium","China","abs",1677.38878763155
"30","Selenium","India","ratio",14
"30","Selenium","India","abs",9.38150219463888
"30","Selenium","Russia","ratio",340
"30","Selenium","Russia","abs",531.227560257615
"30","Selenium","Germany","ratio",50
"30","Selenium","Germany","abs",33.715749570309
"30","Selenium","Peru","ratio",50
"30","Selenium","Peru","abs",33.7162239946692
"30","Selenium","Turkey","ratio",50
"30","Selenium","Turkey","abs",33.715749570309
"30","Selenium","Japan","ratio",710
"30","Selenium","Japan","abs",1032.86549042819
"30","Selenium","Poland","ratio",74
"30","Selenium","Poland","abs",50.1090606461756
"30","Selenium","Uzbekistan","ratio",2
"30","Selenium","Uzbekistan","abs",1.16431509971883
"30","Selenium","Finland","ratio",170
"30","Selenium","Finland","abs",264.17819612527
"30","Selenium","SouthAfrica","ratio",9
"30","Selenium","SouthAfrica","abs",5.14936523591044
"30","Selenium","Belgium","ratio",200
"30","Selenium","Belgium","abs",325.624508213526
"30","Selenium","Serbia","ratio",60
"30","Selenium","Serbia","abs",40.5295890802355
"30","Silicon","Brazil","ratio",200000
"30","Silicon","Brazil","abs",348032.360147984
"30","Silicon","Canada","ratio",20000
"30","Silicon","Canada","abs",69326.4960794986
"30","Silicon","China","ratio",3500000
"30","Silicon","China","abs",3264155.46988378
"30","Silicon","Iceland","ratio",70000
"30","Silicon","Iceland","abs",149646.805126336
"30","Silicon","India","ratio",60000
"30","Silicon","India","abs",133754.367303733
"30","Silicon","Malaysia","ratio",130000
"30","Silicon","Malaysia","abs",243109.978523103
"30","Silicon","Norway","ratio",180000
"30","Silicon","Norway","abs",318505.401813232
"30","Silicon","Russia","ratio",470000
"30","Silicon","Russia","abs",713071.456003379
"30","Silicon","Othercountries","ratio",130000
"30","Silicon","Othercountries","abs",243110.000845277
"30","Silicon","Kazakhstan","ratio",130000
"30","Silicon","Kazakhstan","abs",243109.975817215
"30","Silicon","Poland","ratio",30000
"30","Silicon","Poland","abs",85554.0150178163
"30","Silicon","SouthAfrica","ratio",40000
"30","Silicon","SouthAfrica","abs",101705.560191057
"30","Silicon","France","ratio",20000
"30","Silicon","France","abs",69326.4934779119
"30","Silicon","Bhutan","ratio",80000
"30","Silicon","Bhutan","abs",165449.811166574
"30","Silicon","Spain","ratio",40000
"30","Silicon","Spain","abs",101705.562338211
"30","Tantalum","Australia","ratio",52
"30","Tantalum","Australia","abs",34.9633768006121
"30","Tantalum","Brazil","ratio",210
"30","Tantalum","Brazil","abs",317.611848315529
"30","Tantalum","China","ratio",76
"30","Tantalum","China","abs",63.3286485630096
"30","Tantalum","Russia","ratio",29
"30","Tantalum","Russia","abs",19.3631131948309
"30","Tantalum","Bolivia","ratio",2
"30","Tantalum","Bolivia","abs",1.22838321488876
"30","Tantalum","Congo","ratio",880
"30","Tantalum","Congo","abs",899.084057351412
"30","Tantalum","Nigeria","ratio",390
"30","Tantalum","Nigeria","abs",531.087385142984
"30","Tantalum","Rwanda","ratio",350
"30","Tantalum","Rwanda","abs",508.042030509038
"30","Tantalum","Burundi","ratio",2
"30","Tantalum","Burundi","abs",1.22862164843709
"30","Tantalum","Ethiopia","ratio",40
"30","Tantalum","Ethiopia","abs",26.7969289373339
"30","Tantalum","Mozambique","ratio",55
"30","Tantalum","Mozambique","abs",37.0143281100057
"30","Tellurium","Canada","ratio",27
"30","Tellurium","Canada","abs",17.3531232074515
"30","Tellurium","China","ratio",750
"30","Tellurium","China","abs",440.278665161574
"30","Tellurium","Russia","ratio",70
"30","Tellurium","Russia","abs",238.761219001143
"30","Tellurium","Bulgaria","ratio",1
"30","Tellurium","Bulgaria","abs",0.591059241893485
"30","Tellurium","Japan","ratio",70
"30","Tellurium","Japan","abs",238.812915849875
"30","Tellurium","Uzbekistan","ratio",13
"30","Tellurium","Uzbekistan","abs",8.28377617428957
"30","Tellurium","SouthAfrica","ratio",4
"30","Tellurium","SouthAfrica","abs",2.53492087272336
"30","Tellurium","Sweden","ratio",46
"30","Tellurium","Sweden","abs",220.54704359544
"30","Tin","Australia","ratio",9900
"30","Tin","Australia","abs",13854.7054794658
"30","Tin","Brazil","ratio",29000
"30","Tin","Brazil","abs",36970.7095109251
"30","Tin","China","ratio",69000
"30","Tin","China","abs",69925.2553036868
"30","Tin","Malaysia","ratio",3000
"30","Tin","Malaysia","abs",4329.56920667363
"30","Tin","Russia","ratio",3000
"30","Tin","Russia","abs",4330.2998762683
"30","Tin","Othercountries","ratio",1800
"30","Tin","Othercountries","abs",2611.7637381156
"30","Tin","Bolivia","ratio",21000
"30","Tin","Bolivia","abs",27876.7360195936
"30","Tin","Peru","ratio",31000
"30","Tin","Peru","abs",39111.1773914317
"30","Tin","Congo","ratio",25000
"30","Tin","Congo","abs",32530.2623240778
"30","Tin","Indonesia","ratio",50000
"30","Tin","Indonesia","abs",56807.3631366505
"30","Tin","Burma","ratio",34000
"30","Tin","Burma","abs",42221.6554526967
"30","Tin","Nigeria","ratio",7000
"30","Tin","Nigeria","abs",9926.01371678696
"30","Tin","Vietnam","ratio",6700
"30","Tin","Vietnam","abs",9512.52564569753
"30","Tin","Rwanda","ratio",3600
"30","Tin","Rwanda","abs",5182.69383639341
"30","Tin","Laos","ratio",1500
"30","Tin","Laos","abs",2179.33279578989
"30","Tungsten","Australia","ratio",1000
"30","Tungsten","Australia","abs",6148.59278722787
"30","Tungsten","China","ratio",67000
"30","Tungsten","China","abs",23019.0214911621
"30","Tungsten","Russia","ratio",2000
"30","Tungsten","Russia","abs",8961.43377015068
"30","Tungsten","Othercountries","ratio",1500
"30","Tungsten","Othercountries","abs",7579.35245944346
"30","Tungsten","Bolivia","ratio",1600
"30","Tungsten","Bolivia","abs",7859.52372184794
"30","Tungsten","Vietnam","ratio",3400
"30","Tungsten","Vietnam","abs",12580.12439968
"30","Tungsten","Portugal","ratio",500
"30","Tungsten","Portugal","abs",4670.41009455783
"30","Tungsten","NorthKorea","ratio",1700
"30","Tungsten","NorthKorea","abs",8137.75874706195
"30","Tungsten","Rwanda","ratio",1200
"30","Tungsten","Rwanda","abs",6725.45300583242
"30","Tungsten","Spain","ratio",700
"30","Tungsten","Spain","abs",5273.84788250303
"30","Tungsten","Austia","ratio",800
"30","Tungsten","Austia","abs",5569.94088113011
"30","Vanadium","Brazil","ratio",5000
"30","Vanadium","Brazil","abs",19496.5672597831
"30","Vanadium","China","ratio",70000
"30","Vanadium","China","abs",48907.9005380996
"30","Vanadium","Russia","ratio",21000
"30","Vanadium","Russia","abs",32285.1322648201
"30","Vanadium","SouthAfrica","ratio",8000
"30","Vanadium","SouthAfrica","abs",22125.8805255998
"30","MagnesiumMetal","Brazil","ratio",20000
"30","MagnesiumMetal","Brazil","abs",53480.8374140315
"30","MagnesiumMetal","China","ratio",950000
"30","MagnesiumMetal","China","abs",1014815.16852866
"30","MagnesiumMetal","Russia","ratio",15000
"30","MagnesiumMetal","Russia","abs",46171.1181484561
"30","MagnesiumMetal","Turkey","ratio",15000
"30","MagnesiumMetal","Turkey","abs",46171.1248915304
"30","MagnesiumMetal","Kazakhstan","ratio",20000
"30","MagnesiumMetal","Kazakhstan","abs",53480.8299641596
"30","MagnesiumMetal","Iran","ratio",5000
"30","MagnesiumMetal","Iran","abs",31669.7923503867
"30","MagnesiumMetal","Israel","ratio",20000
"30","MagnesiumMetal","Israel","abs",53480.8125928894
"30","MagnesiumCompounds","Australia","ratio",490000
"30","MagnesiumCompounds","Australia","abs",865733.375293975
"30","MagnesiumCompounds","Brazil","ratio",1800000
"30","MagnesiumCompounds","Brazil","abs",2685936.79738194
"30","MagnesiumCompounds","Canada","ratio",150000
"30","MagnesiumCompounds","Canada","abs",333176.409555582
"30","MagnesiumCompounds","China","ratio",13000000
"30","MagnesiumCompounds","China","abs",11990910.3294877
"30","MagnesiumCompounds","India","ratio",160000
"30","MagnesiumCompounds","India","abs",349200.883442552
"30","MagnesiumCompounds","Russia","ratio",2500000
"30","MagnesiumCompounds","Russia","abs",3522423.17088279
"30","MagnesiumCompounds","Othercountries","ratio",370000
"30","MagnesiumCompounds","Othercountries","abs",680673.372970947
"30","MagnesiumCompounds","Turkey","ratio",1300000
"30","MagnesiumCompounds","Turkey","abs",2033103.83702211
"30","MagnesiumCompounds","Iran","ratio",210000
"30","MagnesiumCompounds","Iran","abs",428998.407449998
"30","MagnesiumCompounds","Spain","ratio",670000
"30","MagnesiumCompounds","Spain","abs",1137388.00599108
"30","MagnesiumCompounds","Austria","ratio",760000
"30","MagnesiumCompounds","Austria","abs",1270557.08406264
"30","MagnesiumCompounds","Greece","ratio",390000
"30","MagnesiumCompounds","Greece","abs",711736.905907019
"30","MagnesiumCompounds","Slovakia","ratio",380000
"30","MagnesiumCompounds","Slovakia","abs",696216.170169748
"30","Manganese","Australia","ratio",2800000
"30","Manganese","Australia","abs",3774654.48677286
"30","Manganese","Brazil","ratio",590000
"30","Manganese","Brazil","abs",912326.872151758
"30","Manganese","China","ratio",770000
"30","Manganese","China","abs",1178954.84843517
"30","Manganese","India","ratio",800000
"30","Manganese","India","abs",1222846.17385642
"30","Manganese","Malaysia","ratio",410000
"30","Manganese","Malaysia","abs",640147.389503494
"30","Manganese","Othercountries","ratio",1300000
"30","Manganese","Othercountries","abs",1930862.70730653
"30","Manganese","SouthAfrica","ratio",7400000
"30","Manganese","SouthAfrica","abs",6740951.44791297
"30","Manganese","Cotedivoire","ratio",360000
"30","Manganese","Cotedivoire","abs",563570.296715241
"30","Manganese","Gabon","ratio",4600000
"30","Manganese","Gabon","abs",5402387.69827597
"30","Manganese","Ghana","ratio",820000
"30","Manganese","Ghana","abs",1252019.64508843
"30","Zinc","UnitedStates","ratio",750000
"30","Zinc","UnitedStates","abs",1051209.99409602
"30","Zinc","Australia","ratio",1100000
"30","Zinc","Australia","abs",1481186.08770337
"30","Zinc","China","ratio",4000000
"30","Zinc","China","abs",3559490.85235185
"30","Zinc","India","ratio",860000
"30","Zinc","India","abs",1190599.30006041
"30","Zinc","Russia","ratio",310000
"30","Zinc","Russia","abs",455432.099830878
"30","Zinc","Othercountries","ratio",1700000
"30","Zinc","Othercountries","abs",2125350.22164947
"30","Zinc","Bolivia","ratio",510000
"30","Zinc","Bolivia","abs",733742.045761727
"30","Zinc","Peru","ratio",1300000
"30","Zinc","Peru","abs",1709024.70810581
"30","Zinc","Kazakhstan","ratio",370000
"30","Zinc","Kazakhstan","abs",540221.265412464
"30","Zinc","Mexico","ratio",700000
"30","Zinc","Mexico","abs",986573.660001582
"30","Zinc","SouthAfrica","ratio",120000
"30","Zinc","SouthAfrica","abs",179710.717773578
"30","Zinc","Sweden","ratio",240000
"30","Zinc","Sweden","abs",355121.185685597
"30","Zirconiummineralconcentrates","UnitedStates","ratio",100000
"30","Zirconiummineralconcentrates","UnitedStates","abs",142004.436496212
"30","Zirconiummineralconcentrates","Australia","ratio",500000
"30","Zirconiummineralconcentrates","Australia","abs",457772.063095406
"30","Zirconiummineralconcentrates","China","ratio",100000
"30","Zirconiummineralconcentrates","China","abs",142004.433400982
"30","Zirconiummineralconcentrates","Othercountries","ratio",110000
"30","Zirconiummineralconcentrates","Othercountries","abs",154849.598284336
"30","Zirconiummineralconcentrates","SouthAfrica","ratio",300000
"30","Zirconiummineralconcentrates","SouthAfrica","abs",349538.179428
"30","Zirconiummineralconcentrates","Indonesia","ratio",95000
"30","Zirconiummineralconcentrates","Indonesia","abs",135486.953154807
"30","Zirconiummineralconcentrates","Madagascar","ratio",30000
"30","Zirconiummineralconcentrates","Madagascar","abs",45124.8203722589
"30","Zirconiummineralconcentrates","Mozambique","ratio",160000
"30","Zirconiummineralconcentrates","Mozambique","abs",215228.081516051
"30","Zirconiummineralconcentrates","Kenya","ratio",20000
"30","Zirconiummineralconcentrates","Kenya","abs",30316.8679202928
"30","Zirconiummineralconcentrates","Senegal","ratio",60000
"30","Zirconiummineralconcentrates","Senegal","abs",88115.6080331305
"30","Zirconiummineralconcentrates","SierraLeone","ratio",20000
"30","Zirconiummineralconcentrates","SierraLeone","abs",30316.8637334619
"30","Alumina","UnitedStates","ratio",720000
"30","Alumina","UnitedStates","abs",1588075.3049913
"30","Alumina","Australia","ratio",18000000
"30","Alumina","Australia","abs",24726664.5665748
"30","Alumina","Brazil","ratio",11000000
"30","Alumina","Brazil","abs",16472821.4870478
"30","Alumina","Canada","ratio",1500000
"30","Alumina","Canada","abs",2846222.46876175
"30","Alumina","China","ratio",84000000
"30","Alumina","China","abs",77025022.563395
"30","Alumina","India","ratio",7600000
"30","Alumina","India","abs",11946487.7365808
"30","Alumina","Russia","ratio",2900000
"30","Alumina","Russia","abs",5050383.59560522
"30","Alumina","UnitedArabEmirates","ratio",2400000
"30","Alumina","UnitedArabEmirates","abs",4271169.64512588
"30","Alumina","Othercountries","ratio",1500000
"30","Alumina","Othercountries","abs",2846222.47224639
"30","Alumina","Germany","ratio",960000
"30","Alumina","Germany","abs",1977479.05100682
"30","Alumina","Turkey","ratio",320000
"30","Alumina","Turkey","abs",934657.562278867
"30","Alumina","Kazakhstan","ratio",1400000
"30","Alumina","Kazakhstan","abs",2686121.76586039
"30","Alumina","Indonesia","ratio",1300000
"30","Alumina","Indonesia","abs",2525667.10087759
"30","Alumina","Vietnam","ratio",1500000
"30","Alumina","Vietnam","abs",2846222.47519131
"30","Alumina","Spain","ratio",820000
"30","Alumina","Spain","abs",1750571.82844145
"30","Alumina","Greece","ratio",860000
"30","Alumina","Greece","abs",1815472.59265036
"30","Alumina","Guinea","ratio",300000
"30","Alumina","Guinea","abs",901848.538085665
"30","Alumina","Ireland","ratio",1600000
"30","Alumina","Ireland","abs",3005968.94296445
"30","Alumina","Jamaica","ratio",1500000
"30","Alumina","Jamaica","abs",2846222.47431037
"30","Alumina","SaudiArabia","ratio",1800000
"30","Alumina","SaudiArabia","abs",3324398.33686114
"30","Bauxite","Australia","ratio",100000000
"30","Bauxite","Australia","abs",113533301.916105
"30","Bauxite","Brazil","ratio",33000000
"30","Bauxite","Brazil","abs",46822707.4848149
"30","Bauxite","China","ratio",93000000
"30","Bauxite","China","abs",108373226.595439
"30","Bauxite","India","ratio",25000000
"30","Bauxite","India","abs",36279352.8920756
"30","Bauxite","Russia","ratio",6300000
"30","Bauxite","Russia","abs",9603929.76221619
"30","Bauxite","Othercountries","ratio",5700000
"30","Bauxite","Othercountries","abs",8702345.4781207
"30","Bauxite","Turkey","ratio",3200000
"30","Bauxite","Turkey","abs",4915986.27975071
"30","Bauxite","Kazakhstan","ratio",4900000
"30","Bauxite","Kazakhstan","abs",7495922.89761177
"30","Bauxite","Indonesia","ratio",32000000
"30","Bauxite","Indonesia","abs",45533973.9000273
"30","Bauxite","Vietnam","ratio",4200000
"30","Bauxite","Vietnam","abs",6436273.52287003
"30","Bauxite","Greece","ratio",1200000
"30","Bauxite","Greece","abs",1852576.51984154
"30","Bauxite","Guinea","ratio",130000000
"30","Bauxite","Guinea","abs",131182159.762
"30","Bauxite","Jamaica","ratio",6100000
"30","Bauxite","Jamaica","abs",9303710.02462608
"30","Bauxite","SaudiArabia","ratio",5800000
"30","Bauxite","SaudiArabia","abs",8852802.17294577
"40","Aluminum","UnitedStates","ratio",670000
"40","Aluminum","UnitedStates","abs",1602273.05764008
"40","Aluminum","Australia","ratio",1500000
"40","Aluminum","Australia","abs",3049968.53465972
"40","Aluminum","Bahrain","ratio",1600000
"40","Aluminum","Bahrain","abs",3219870.81778967
"40","Aluminum","Brazil","ratio",1100000
"40","Aluminum","Brazil","abs",2360664.33895128
"40","Aluminum","Canada","ratio",3300000
"40","Aluminum","Canada","abs",5963214.33502787
"40","Aluminum","China","ratio",43000000
"40","Aluminum","China","abs",39072086.2331651
"40","Aluminum","Iceland","ratio",780000
"40","Aluminum","Iceland","abs",1797998.1897918
"40","Aluminum","India","ratio",4200000
"40","Aluminum","India","abs",7308881.04683304
"40","Aluminum","Malaysia","ratio",870000
"40","Aluminum","Malaysia","abs",1957258.59885687
"40","Aluminum","Norway","ratio",1300000
"40","Aluminum","Norway","abs",2707259.65649896
"40","Aluminum","Russia","ratio",3800000
"40","Aluminum","Russia","abs",6719590.26452429
"40","Aluminum","UnitedArabEmirates","ratio",2700000
"40","Aluminum","UnitedArabEmirates","abs",5025779.76514264
"40","Aluminum","Othercountries","ratio",6800000
"40","Aluminum","Othercountries","abs",10821752.996665
"40","Boron","China","ratio",340000
"40","Boron","China","abs",625772.871080084
"40","Boron","Russia","ratio",80000
"40","Boron","Russia","abs",207862.158286301
"40","Boron","Argentina","ratio",160000
"40","Boron","Argentina","abs",345857.994655189
"40","Boron","Bolivia","ratio",230000
"40","Boron","Bolivia","abs",459648.309075517
"40","Boron","Chile","ratio",420000
"40","Boron","Chile","abs",737383.692698905
"40","Boron","Germany","ratio",40000
"40","Boron","Germany","abs",135691.260541987
"40","Boron","Peru","ratio",300000
"40","Boron","Peru","abs",567111.019209481
"40","Boron","Turkey","ratio",3000000
"40","Boron","Turkey","abs",2787820.6736373
"40","Cadmium","UnitedStates","ratio",300
"40","Cadmium","UnitedStates","abs",515.474318525793
"40","Cadmium","Australia","ratio",900
"40","Cadmium","Australia","abs",1195.54320251845
"40","Cadmium","Canada","ratio",1700
"40","Cadmium","Canada","abs",2525.31008036338
"40","Cadmium","China","ratio",9300
"40","Cadmium","China","abs",9136.58255213001
"40","Cadmium","Norway","ratio",350
"40","Cadmium","Norway","abs",529.832511812532
"40","Cadmium","Russia","ratio",800
"40","Cadmium","Russia","abs",1379.96496430092
"40","Cadmium","Germany","ratio",170
"40","Cadmium","Germany","abs",286.121340023502
"40","Cadmium","Peru","ratio",620
"40","Cadmium","Peru","abs",841.763699608045
"40","Cadmium","Bulgaria","ratio",300
"40","Cadmium","Bulgaria","abs",505.316219242795
"40","Cadmium","Japan","ratio",1700
"40","Cadmium","Japan","abs",2559.52963485031
"40","Cadmium","Kazakhstan","ratio",1000
"40","Cadmium","Kazakhstan","abs",1768.51265792097
"40","Cadmium","RepublicofKorea","ratio",4500
"40","Cadmium","RepublicofKorea","abs",5636.51474822116
"40","Cadmium","Mexico","ratio",1200
"40","Cadmium","Mexico","abs",1571.40855271608
"40","Cadmium","Netherlands","ratio",400
"40","Cadmium","Netherlands","abs",693.36090038884
"40","Cadmium","Poland","ratio",250
"40","Cadmium","Poland","abs",351.634685341232
"40","Cadmium","Uzbekistan","ratio",200
"40","Cadmium","Uzbekistan","abs",214.047202025244
"40","Chromium","Brazil","ratio",1400000
"40","Chromium","Brazil","abs",2506079.90132078
"40","Chromium","India","ratio",4100000
"40","Chromium","India","abs",6768342.47030559
"40","Chromium","Othercountries","ratio",2900000
"40","Chromium","Othercountries","abs",4968321.43630437
"40","Chromium","Turkey","ratio",8000000
"40","Chromium","Turkey","abs",11567696.776348
"40","Chromium","Kazakhstan","ratio",6500000
"40","Chromium","Kazakhstan","abs",9910796.11995846
"40","Chromium","Finland","ratio",1900000
"40","Chromium","Finland","abs",3352763.32973668
"40","Chromium","SouthAfrica","ratio",21000000
"40","Chromium","SouthAfrica","abs",17859061.7588632
"40","Chromium","Zimbabwe","ratio",1100000
"40","Chromium","Zimbabwe","abs",1985756.24505762
"40","Cobalt","UnitedStates","ratio",300
"40","Cobalt","UnitedStates","abs",17893.9918441491
"40","Cobalt","Australia","ratio",3600
"40","Cobalt","Australia","abs",21039.7900628226
"40","Cobalt","Canada","ratio",4500
"40","Cobalt","Canada","abs",22068.267912642
"40","Cobalt","Russia","ratio",8700
"40","Cobalt","Russia","abs",26556.7757035587
"40","Cobalt","Othercountries","ratio",6200
"40","Cobalt","Othercountries","abs",23939.315618735
"40","Cobalt","Turkey","ratio",2700
"40","Cobalt","Turkey","abs",19980.5612697516
"40","Cobalt","Congo","ratio",220000
"40","Cobalt","Congo","abs",84392.0153893616
"40","Cobalt","Cuba","ratio",3500
"40","Cobalt","Cuba","abs",20923.6625928177
"40","Cobalt","Indonesia","ratio",28000
"40","Cobalt","Indonesia","abs",46237.0252612215
"40","Cobalt","Madagascar","ratio",2600
"40","Cobalt","Madagascar","abs",19860.8632523629
"40","Cobalt","NewCaledonia","ratio",1500
"40","Cobalt","NewCaledonia","abs",18515.583386661
"40","Cobalt","PapuaNewGuinea","ratio",2800
"40","Cobalt","PapuaNewGuinea","abs",20099.8988397488
"40","Cobalt","Philippines","ratio",3800
"40","Cobalt","Philippines","abs",21270.8709879891
"40","Copper","UnitedStates","ratio",1100000
"40","Copper","UnitedStates","abs",1613460.19071863
"40","Copper","Australia","ratio",800000
"40","Copper","Australia","abs",1200954.36419729
"40","Copper","Canada","ratio",450000
"40","Copper","Canada","abs",693696.508226106
"40","Copper","China","ratio",1800000
"40","Copper","China","abs",2497278.06124841
"40","Copper","India","ratio",30000
"40","Copper","India","abs",47705.3816509046
"40","Copper","Russia","ratio",930000
"40","Copper","Russia","abs",1382220.40138996
"40","Copper","Othercountries","ratio",2700000
"40","Copper","Othercountries","abs",3477040.78477546
"40","Copper","Chile","ratio",5300000
"40","Copper","Chile","abs",5427361.63826643
"40","Copper","Peru","ratio",2600000
"40","Copper","Peru","abs",3376593.29740332
"40","Copper","Kazakhstan","ratio",740000
"40","Copper","Kazakhstan","abs",1115991.48334114
"40","Copper","Mexico","ratio",700000
"40","Copper","Mexico","abs",1058891.80845278
"40","Copper","Poland","ratio",410000
"40","Copper","Poland","abs",633930.223276523
"40","Copper","Congo","ratio",3300000
"40","Copper","Congo","abs",4037326.41652916
"40","Copper","Indonesia","ratio",1100000
"40","Copper","Indonesia","abs",1613460.19072863
"40","Copper","Zambia","ratio",680000
"40","Copper","Zambia","abs",1030204.49115855
"40","RareEarths","UnitedStates","ratio",45000
"40","RareEarths","UnitedStates","abs",74397.1749761715
"40","RareEarths","Australia","ratio",13000
"40","RareEarths","Australia","abs",27094.6297731413
"40","RareEarths","Brazil","ratio",20
"40","RareEarths","Brazil","abs",6191.20891746075
"40","RareEarths","China","ratio",270000
"40","RareEarths","China","abs",250767.397585845
"40","RareEarths","India","ratio",2900
"40","RareEarths","India","abs",9290.19720136645
"40","RareEarths","Malaysia","ratio",130
"40","RareEarths","Malaysia","abs",4216.14111574279
"40","RareEarths","Russia","ratio",2500
"40","RareEarths","Russia","abs",8558.09155815573
"40","RareEarths","Othercountries","ratio",1100
"40","RareEarths","Othercountries","abs",5982.02039722013
"40","RareEarths","Madagascar","ratio",2000
"40","RareEarths","Madagascar","abs",7639.3301858711
"40","RareEarths","Burma","ratio",31000
"40","RareEarths","Burma","abs",55339.0776268055
"40","RareEarths","Nigeria","ratio",13000
"40","RareEarths","Nigeria","abs",27094.1889339782
"40","RareEarths","Thailand","ratio",13000
"40","RareEarths","Thailand","abs",27093.8475155669
"40","RareEarths","Vietnam","ratio",300
"40","RareEarths","Vietnam","abs",4517.00843417696
"40","Lead","UnitedStates","ratio",300000
"40","Lead","UnitedStates","abs",486973.546187388
"40","Lead","Australia","ratio",430000
"40","Lead","Australia","abs",665897.634944362
"40","Lead","China","ratio",1900000
"40","Lead","China","abs",1545765.60147646
"40","Lead","India","ratio",220000
"40","Lead","India","abs",367182.894743177
"40","Lead","Russia","ratio",220000
"40","Lead","Russia","abs",367182.895180518
"40","Lead","Othercountries","ratio",520000
"40","Lead","Othercountries","abs",778410.00418169
"40","Lead","Bolivia","ratio",60000
"40","Lead","Bolivia","abs",105580.466296738
"40","Lead","Peru","ratio",270000
"40","Lead","Peru","abs",442916.572069101
"40","Lead","Turkey","ratio",70000
"40","Lead","Turkey","abs",122783.731003205
"40","Lead","Mexico","ratio",180000
"40","Lead","Mexico","abs",304525.22531081
"40","Lead","Iran","ratio",60000
"40","Lead","Iran","abs",105580.457799957
"40","Lead","Sweden","ratio",70000
"40","Lead","Sweden","abs",122783.732912125
"40","Lead","Tajikistan","ratio",40000
"40","Lead","Tajikistan","abs",70835.8033825991
"40","Lithium","Australia","ratio",88000
"40","Lithium","Australia","abs",82953.3072617291
"40","Lithium","Brazil","ratio",10000
"40","Lithium","Brazil","abs",17052.6256506189
"40","Lithium","Canada","ratio",4300
"40","Lithium","Canada","abs",7573.70059342531
"40","Lithium","China","ratio",41000
"40","Lithium","China","abs",56561.6922331367
"40","Lithium","Argentina","ratio",18000
"40","Lithium","Argentina","abs",29182.9174119661
"40","Lithium","Chile","ratio",49000
"40","Lithium","Chile","abs",63589.3515102594
"40","Lithium","Zimbabwe","ratio",22000
"40","Lithium","Zimbabwe","abs",34739.1770267508
"40","Lithium","Namibia","ratio",2700
"40","Lithium","Namibia","abs",4770.56498101779
"40","Lithium","Portugal","ratio",380
"40","Lithium","Portugal","abs",634.850853796516
"40","Molybdenum","UnitedStates","ratio",33000
"40","Molybdenum","UnitedStates","abs",49944.0028353367
"40","Molybdenum","Australia","ratio",1000
"40","Molybdenum","Australia","abs",1783.47960404856
"40","Molybdenum","Canada","ratio",1200
"40","Molybdenum","Canada","abs",2098.97809878835
"40","Molybdenum","China","ratio",110000
"40","Molybdenum","China","abs",95944.2688967421
"40","Molybdenum","Russia","ratio",1700
"40","Molybdenum","Russia","abs",2991.39822145887
"40","Molybdenum","Chile","ratio",38000
"40","Molybdenum","Chile","abs",55726.4799084252
"40","Molybdenum","Peru","ratio",41000
"40","Molybdenum","Peru","abs",58923.5921213964
"40","Molybdenum","Kazakhstan","ratio",3900
"40","Molybdenum","Kazakhstan","abs",6954.35538524782
"40","Molybdenum","RepublicofKorea","ratio",300
"40","Molybdenum","RepublicofKorea","abs",542.231459058616
"40","Molybdenum","Mexico","ratio",17000
"40","Molybdenum","Mexico","abs",28268.7206264368
"40","Molybdenum","Uzbekistan","ratio",1700
"40","Molybdenum","Uzbekistan","abs",2991.34696756773
"40","Molybdenum","Iran","ratio",3000
"40","Molybdenum","Iran","abs",5380.12690349112
"40","Molybdenum","Armenia","ratio",8000
"40","Molybdenum","Armenia","abs",13977.5972845884
"40","Molybdenum","NorthKorea","ratio",700
"40","Molybdenum","NorthKorea","abs",1266.15740443
"40","Molybdenum","Mongolia","ratio",3100
"40","Molybdenum","Mongolia","abs",5558.13285387954
"40","Nickel","UnitedStates","ratio",8000
"40","Nickel","UnitedStates","abs",107621.003443064
"40","Nickel","Australia","ratio",110000
"40","Nickel","Australia","abs",367819.288563079
"40","Nickel","Brazil","ratio",77000
"40","Nickel","Brazil","abs",302685.765449429
"40","Nickel","Canada","ratio",190000
"40","Nickel","Canada","abs",486330.355751701
"40","Nickel","China","ratio",120000
"40","Nickel","China","abs",385220.441597827
"40","Nickel","Russia","ratio",210000
"40","Nickel","Russia","abs",510500.331810147
"40","Nickel","Othercountries","ratio",300000
"40","Nickel","Othercountries","abs",604996.432781862
"40","Nickel","Indonesia","ratio",2200000
"40","Nickel","Indonesia","abs",782051.99957301
"40","Nickel","NewCaledonia","ratio",110000
"40","Nickel","NewCaledonia","abs",367819.343220581
"40","Nickel","Philippines","ratio",330000
"40","Nickel","Philippines","abs",633173.532952986
"40","Niobium","Brazil","ratio",100000
"40","Niobium","Brazil","abs",35028.2193702339
"40","Niobium","Canada","ratio",7100
"40","Niobium","Canada","abs",23052.1778808216
"40","Niobium","Russia","ratio",350
"40","Niobium","Russia","abs",19336.3958677119
"40","Niobium","Othercountries","ratio",120
"40","Niobium","Othercountries","abs",21961.8539556495
"40","Niobium","Congo","ratio",700
"40","Niobium","Congo","abs",18321.2214984452
"40","Niobium","Rwanda","ratio",200
"40","Niobium","Rwanda","abs",20537.1327588286
"40","Selenium","Canada","ratio",130
"40","Selenium","Canada","abs",246.859162024119
"40","Selenium","China","ratio",1800
"40","Selenium","China","abs",1715.04925653956
"40","Selenium","India","ratio",14
"40","Selenium","India","abs",10.0938550847849
"40","Selenium","Russia","ratio",340
"40","Selenium","Russia","abs",580.026560486488
"40","Selenium","Germany","ratio",50
"40","Selenium","Germany","abs",36.2398196928515
"40","Selenium","Peru","ratio",50
"40","Selenium","Peru","abs",36.2403289325478
"40","Selenium","Turkey","ratio",50
"40","Selenium","Turkey","abs",36.2398196928515
"40","Selenium","Japan","ratio",710
"40","Selenium","Japan","abs",1107.5470718519
"40","Selenium","Poland","ratio",74
"40","Selenium","Poland","abs",53.8243806280712
"40","Selenium","Uzbekistan","ratio",2
"40","Selenium","Uzbekistan","abs",1.28528548646611
"40","Selenium","Finland","ratio",170
"40","Selenium","Finland","abs",286.424043006818
"40","Selenium","SouthAfrica","ratio",9
"40","Selenium","SouthAfrica","abs",5.70281839269308
"40","Selenium","Belgium","ratio",200
"40","Selenium","Belgium","abs",356.22531446718
"40","Selenium","Serbia","ratio",60
"40","Selenium","Serbia","abs",43.5516556382877
"40","Silicon","Brazil","ratio",200000
"40","Silicon","Brazil","abs",390335.68047829
"40","Silicon","Canada","ratio",20000
"40","Silicon","Canada","abs",79320.1947874488
"40","Silicon","China","ratio",3500000
"40","Silicon","China","abs",3235546.33828418
"40","Silicon","Iceland","ratio",70000
"40","Silicon","Iceland","abs",169999.500888866
"40","Silicon","India","ratio",60000
"40","Silicon","India","abs",152121.225797771
"40","Silicon","Malaysia","ratio",130000
"40","Silicon","Malaysia","abs",274467.110437191
"40","Silicon","Norway","ratio",180000
"40","Silicon","Norway","abs",357880.896181236
"40","Silicon","Russia","ratio",470000
"40","Silicon","Russia","abs",781580.892523309
"40","Silicon","Othercountries","ratio",130000
"40","Silicon","Othercountries","abs",274467.140380448
"40","Silicon","Kazakhstan","ratio",130000
"40","Silicon","Kazakhstan","abs",274467.106997345
"40","Silicon","Poland","ratio",30000
"40","Silicon","Poland","abs",97702.5637024754
"40","Silicon","SouthAfrica","ratio",40000
"40","Silicon","SouthAfrica","abs",115969.661885892
"40","Silicon","France","ratio",20000
"40","Silicon","France","abs",79320.1916111877
"40","Silicon","Bhutan","ratio",80000
"40","Silicon","Bhutan","abs",187744.556989739
"40","Silicon","Spain","ratio",40000
"40","Silicon","Spain","abs",115969.664885476
"40","Tantalum","Australia","ratio",52
"40","Tantalum","Australia","abs",37.5547162810093
"40","Tantalum","Brazil","ratio",210
"40","Tantalum","Brazil","abs",342.748030564294
"40","Tantalum","China","ratio",76
"40","Tantalum","China","abs",67.8858122116094
"40","Tantalum","Russia","ratio",29
"40","Tantalum","Russia","abs",20.8212501264792
"40","Tantalum","Bolivia","ratio",2
"40","Tantalum","Bolivia","abs",1.34058691010905
"40","Tantalum","Congo","ratio",880
"40","Tantalum","Congo","abs",931.328523543356
"40","Tantalum","Nigeria","ratio",390
"40","Tantalum","Nigeria","abs",564.880903144416
"40","Tantalum","Rwanda","ratio",350
"40","Tantalum","Rwanda","abs",546.025076289706
"40","Tantalum","Burundi","ratio",2
"40","Tantalum","Burundi","abs",1.34080043761007
"40","Tantalum","Ethiopia","ratio",40
"40","Tantalum","Ethiopia","abs",28.7996763370156
"40","Tantalum","Mozambique","ratio",55
"40","Tantalum","Mozambique","abs",39.7518965422428
"40","Tellurium","Canada","ratio",27
"40","Tellurium","Canada","abs",18.3857076612559
"40","Tellurium","China","ratio",750
"40","Tellurium","China","abs",479.979120157292
"40","Tellurium","Russia","ratio",70
"40","Tellurium","Russia","abs",248.593780001325
"40","Tellurium","Bulgaria","ratio",1
"40","Tellurium","Bulgaria","abs",0.633535010166308
"40","Tellurium","Japan","ratio",70
"40","Tellurium","Japan","abs",248.647778706331
"40","Tellurium","Uzbekistan","ratio",13
"40","Tellurium","Uzbekistan","abs",8.78923105711555
"40","Tellurium","SouthAfrica","ratio",4
"40","Tellurium","SouthAfrica","abs",2.69203241758679
"40","Tellurium","Sweden","ratio",46
"40","Tellurium","Sweden","abs",231.518550898703
"40","Tin","Australia","ratio",9900
"40","Tin","Australia","abs",15147.7792926195
"40","Tin","Brazil","ratio",29000
"40","Tin","Brazil","abs",39573.2748025824
"40","Tin","China","ratio",69000
"40","Tin","China","abs",72263.1336647146
"40","Tin","Malaysia","ratio",3000
"40","Tin","Malaysia","abs",4771.32168908788
"40","Tin","Russia","ratio",3000
"40","Tin","Russia","abs",4772.54570388732
"40","Tin","Othercountries","ratio",1800
"40","Tin","Othercountries","abs",2882.54935197783
"40","Tin","Bolivia","ratio",21000
"40","Tin","Bolivia","abs",30098.406008727
"40","Tin","Peru","ratio",31000
"40","Tin","Peru","abs",41776.7308369392
"40","Tin","Congo","ratio",25000
"40","Tin","Congo","abs",34969.4739919902
"40","Tin","Indonesia","ratio",50000
"40","Tin","Indonesia","abs",59578.6141091744
"40","Tin","Burma","ratio",34000
"40","Tin","Burma","abs",44959.9685567919
"40","Tin","Nigeria","ratio",7000
"40","Tin","Nigeria","abs",10888.8673919578
"40","Tin","Vietnam","ratio",6700
"40","Tin","Vietnam","abs",10438.7293911804
"40","Tin","Rwanda","ratio",3600
"40","Tin","Rwanda","abs",5707.98838983842
"40","Tin","Laos","ratio",1500
"40","Tin","Laos","abs",2406.12886859986
"40","Tungsten","Australia","ratio",1000
"40","Tungsten","Australia","abs",6679.07586900991
"40","Tungsten","China","ratio",67000
"40","Tungsten","China","abs",23826.1408325173
"40","Tungsten","Russia","ratio",2000
"40","Tungsten","Russia","abs",9612.50306657868
"40","Tungsten","Othercountries","ratio",1500
"40","Tungsten","Othercountries","abs",8182.99576865424
"40","Tungsten","Bolivia","ratio",1600
"40","Tungsten","Bolivia","abs",8474.59738758531
"40","Tungsten","Vietnam","ratio",3400
"40","Tungsten","Vietnam","abs",13252.2252076665
"40","Tungsten","Portugal","ratio",500
"40","Tungsten","Portugal","abs",5099.34681650513
"40","Tungsten","NorthKorea","ratio",1700
"40","Tungsten","NorthKorea","abs",8763.26222349534
"40","Tungsten","Rwanda","ratio",1200
"40","Tungsten","Rwanda","abs",7288.29529799026
"40","Tungsten","Spain","ratio",700
"40","Tungsten","Spain","abs",5748.00432700327
"40","Tungsten","Austia","ratio",800
"40","Tungsten","Austia","abs",6064.43040546804
"40","Vanadium","Brazil","ratio",5000
"40","Vanadium","Brazil","abs",20847.9324532458
"40","Vanadium","China","ratio",70000
"40","Vanadium","China","abs",53259.616131544
"40","Vanadium","Russia","ratio",21000
"40","Vanadium","Russia","abs",32918.9290750028
"40","Vanadium","SouthAfrica","ratio",8000
"40","Vanadium","SouthAfrica","abs",23362.304547441
"40","MagnesiumMetal","Brazil","ratio",20000
"40","MagnesiumMetal","Brazil","abs",61340.7960704398
"40","MagnesiumMetal","China","ratio",950000
"40","MagnesiumMetal","China","abs",1024900.1146489
"40","MagnesiumMetal","Russia","ratio",15000
"40","MagnesiumMetal","Russia","abs",53199.9836893406
"40","MagnesiumMetal","Turkey","ratio",15000
"40","MagnesiumMetal","Turkey","abs",53199.9925164241
"40","MagnesiumMetal","Kazakhstan","ratio",20000
"40","MagnesiumMetal","Kazakhstan","abs",61340.7869447236
"40","MagnesiumMetal","Iran","ratio",5000
"40","MagnesiumMetal","Iran","abs",37114.137538662
"40","MagnesiumMetal","Israel","ratio",20000
"40","MagnesiumMetal","Israel","abs",61340.7634978694
"40","MagnesiumCompounds","Australia","ratio",490000
"40","MagnesiumCompounds","Australia","abs",975740.885685801
"40","MagnesiumCompounds","Brazil","ratio",1800000
"40","MagnesiumCompounds","Brazil","abs",2947070.30861838
"40","MagnesiumCompounds","Canada","ratio",150000
"40","MagnesiumCompounds","Canada","abs",378555.13288541
"40","MagnesiumCompounds","China","ratio",13000000
"40","MagnesiumCompounds","China","abs",11924349.8292951
"40","MagnesiumCompounds","India","ratio",160000
"40","MagnesiumCompounds","India","abs",396653.279723841
"40","MagnesiumCompounds","Russia","ratio",2500000
"40","MagnesiumCompounds","Russia","abs",3816513.31651122
"40","MagnesiumCompounds","Othercountries","ratio",370000
"40","MagnesiumCompounds","Othercountries","abs",769236.637890889
"40","MagnesiumCompounds","Turkey","ratio",1300000
"40","MagnesiumCompounds","Turkey","abs",2252657.51895505
"40","MagnesiumCompounds","Iran","ratio",210000
"40","MagnesiumCompounds","Iran","abs",486660.142139561
"40","MagnesiumCompounds","Spain","ratio",670000
"40","MagnesiumCompounds","Spain","abs",1276879.80013289
"40","MagnesiumCompounds","Austria","ratio",760000
"40","MagnesiumCompounds","Austria","abs",1423626.4680886
"40","MagnesiumCompounds","Greece","ratio",390000
"40","MagnesiumCompounds","Greece","abs",803975.931363386
"40","MagnesiumCompounds","Slovakia","ratio",380000
"40","MagnesiumCompounds","Slovakia","abs",786622.452784914
"40","Manganese","Australia","ratio",2800000
"40","Manganese","Australia","abs",4045269.44920337
"40","Manganese","Brazil","ratio",590000
"40","Manganese","Brazil","abs",1015521.94926679
"40","Manganese","China","ratio",770000
"40","Manganese","China","abs",1308154.25558904
"40","Manganese","India","ratio",800000
"40","Manganese","India","abs",1356138.65065014
"40","Manganese","Malaysia","ratio",410000
"40","Manganese","Malaysia","abs",714816.640772253
"40","Manganese","Othercountries","ratio",1300000
"40","Manganese","Othercountries","abs",2122592.82297639
"40","Manganese","SouthAfrica","ratio",7400000
"40","Manganese","SouthAfrica","abs",6870648.87104482
"40","Manganese","Cotedivoire","ratio",360000
"40","Manganese","Cotedivoire","abs",629860.714764515
"40","Manganese","Gabon","ratio",4600000
"40","Manganese","Gabon","abs",5641326.91078815
"40","Manganese","Ghana","ratio",820000
"40","Manganese","Ghana","abs",1388002.99431828
"40","Zinc","UnitedStates","ratio",750000
"40","Zinc","UnitedStates","abs",1142221.2016885
"40","Zinc","Australia","ratio",1100000
"40","Zinc","Australia","abs",1593573.92424577
"40","Zinc","China","ratio",4000000
"40","Zinc","China","abs",3618118.61933501
"40","Zinc","India","ratio",860000
"40","Zinc","India","abs",1289613.75651523
"40","Zinc","Russia","ratio",310000
"40","Zinc","Russia","abs",501248.075574006
"40","Zinc","Othercountries","ratio",1700000
"40","Zinc","Othercountries","abs",2250480.38226274
"40","Zinc","Bolivia","ratio",510000
"40","Zinc","Bolivia","abs",802832.776271734
"40","Zinc","Peru","ratio",1300000
"40","Zinc","Peru","abs",1828655.89226745
"40","Zinc","Kazakhstan","ratio",370000
"40","Zinc","Kazakhstan","abs",593518.683928494
"40","Zinc","Mexico","ratio",700000
"40","Zinc","Mexico","abs",1073533.36948116
"40","Zinc","SouthAfrica","ratio",120000
"40","Zinc","SouthAfrica","abs",198901.46251264
"40","Zinc","Sweden","ratio",240000
"40","Zinc","Sweden","abs",391653.072151559
"40","Zirconiummineralconcentrates","UnitedStates","ratio",100000
"40","Zirconiummineralconcentrates","UnitedStates","abs",154780.452625367
"40","Zirconiummineralconcentrates","Australia","ratio",500000
"40","Zirconiummineralconcentrates","Australia","abs",466857.667664736
"40","Zirconiummineralconcentrates","China","ratio",100000
"40","Zirconiummineralconcentrates","China","abs",154780.449366596
"40","Zirconiummineralconcentrates","Othercountries","ratio",110000
"40","Zirconiummineralconcentrates","Othercountries","abs",168396.313529871
"40","Zirconiummineralconcentrates","SouthAfrica","ratio",300000
"40","Zirconiummineralconcentrates","SouthAfrica","abs",365656.493516979
"40","Zirconiummineralconcentrates","Indonesia","ratio",95000
"40","Zirconiummineralconcentrates","Indonesia","abs",147846.039153591
"40","Zirconiummineralconcentrates","Madagascar","ratio",30000
"40","Zirconiummineralconcentrates","Madagascar","abs",49990.8950242579
"40","Zirconiummineralconcentrates","Mozambique","ratio",160000
"40","Zirconiummineralconcentrates","Mozambique","abs",231458.34316144
"40","Zirconiummineralconcentrates","Kenya","ratio",20000
"40","Zirconiummineralconcentrates","Kenya","abs",33664.9041776441
"40","Zirconiummineralconcentrates","Senegal","ratio",60000
"40","Zirconiummineralconcentrates","Senegal","abs",96935.6176660127
"40","Zirconiummineralconcentrates","SierraLeone","ratio",20000
"40","Zirconiummineralconcentrates","SierraLeone","abs",33664.8994643551
"40","Alumina","UnitedStates","ratio",720000
"40","Alumina","UnitedStates","abs",1807102.5854065
"40","Alumina","Australia","ratio",18000000
"40","Alumina","Australia","abs",26645987.7419696
"40","Alumina","Brazil","ratio",11000000
"40","Alumina","Brazil","abs",18105228.9049286
"40","Alumina","Canada","ratio",1500000
"40","Alumina","Canada","abs",3228935.61596641
"40","Alumina","China","ratio",84000000
"40","Alumina","China","abs",76484451.9408196
"40","Alumina","India","ratio",7600000
"40","Alumina","India","abs",13272122.384461
"40","Alumina","Russia","ratio",2900000
"40","Alumina","Russia","abs",5700771.22758361
"40","Alumina","UnitedArabEmirates","ratio",2400000
"40","Alumina","UnitedArabEmirates","abs",4829737.85170727
"40","Alumina","Othercountries","ratio",1500000
"40","Alumina","Othercountries","abs",3228935.62068002
"40","Alumina","Germany","ratio",960000
"40","Alumina","Germany","abs",2248001.08533325
"40","Alumina","Turkey","ratio",320000
"40","Alumina","Turkey","abs",1065638.52504867
"40","Alumina","Kazakhstan","ratio",1400000
"40","Alumina","Kazakhstan","abs",3048440.56690782
"40","Alumina","Indonesia","ratio",1300000
"40","Alumina","Indonesia","abs",2867418.53896428
"40","Alumina","Vietnam","ratio",1500000
"40","Alumina","Vietnam","abs",3228935.62466127
"40","Alumina","Spain","ratio",820000
"40","Alumina","Spain","abs",1991177.66011144
"40","Alumina","Greece","ratio",860000
"40","Alumina","Greece","abs",2064660.88555605
"40","Alumina","Guinea","ratio",300000
"40","Alumina","Guinea","abs",1028356.63475809
"40","Alumina","Ireland","ratio",1600000
"40","Alumina","Ireland","abs",3408903.9404372
"40","Alumina","Jamaica","ratio",1500000
"40","Alumina","Jamaica","abs",3228935.62347142
"40","Alumina","SaudiArabia","ratio",1800000
"40","Alumina","SaudiArabia","abs",3767261.72225601
"40","Bauxite","Australia","ratio",100000000
"40","Bauxite","Australia","abs",118771794.895096
"40","Bauxite","Brazil","ratio",33000000
"40","Bauxite","Brazil","abs",51167689.6601376
"40","Bauxite","China","ratio",93000000
"40","Bauxite","China","abs",113801809.460395
"40","Bauxite","India","ratio",25000000
"40","Bauxite","India","abs",39883813.1593158
"40","Bauxite","Russia","ratio",6300000
"40","Bauxite","Russia","abs",10708860.4381866
"40","Bauxite","Othercountries","ratio",5700000
"40","Bauxite","Othercountries","abs",9707979.72760042
"40","Bauxite","Turkey","ratio",3200000
"40","Bauxite","Turkey","abs",5494511.72021112
"40","Bauxite","Kazakhstan","ratio",4900000
"40","Bauxite","Kazakhstan","abs",8367235.17802012
"40","Bauxite","Indonesia","ratio",32000000
"40","Bauxite","Indonesia","abs",49796364.5699669
"40","Bauxite","Vietnam","ratio",4200000
"40","Bauxite","Vietnam","abs",7188240.7994907
"40","Bauxite","Greece","ratio",1200000
"40","Bauxite","Greece","abs",2073743.12932921
"40","Bauxite","Guinea","ratio",130000000
"40","Bauxite","Guinea","abs",135400960.676076
"40","Bauxite","Jamaica","ratio",6100000
"40","Bauxite","Jamaica","abs",10375679.2088547
"40","Bauxite","SaudiArabia","ratio",5800000
"40","Bauxite","SaudiArabia","abs",9875071.69820352
"50","Aluminum","UnitedStates","ratio",670000
"50","Aluminum","UnitedStates","abs",1790755.61469519
"50","Aluminum","Australia","ratio",1500000
"50","Aluminum","Australia","abs",3390476.22392073
"50","Aluminum","Bahrain","ratio",1600000
"50","Aluminum","Bahrain","abs",3577152.9180182
"50","Aluminum","Brazil","ratio",1100000
"50","Aluminum","Brazil","abs",2630804.5823141
"50","Aluminum","Canada","ratio",3300000
"50","Aluminum","Canada","abs",6559526.18643893
"50","Aluminum","China","ratio",43000000
"50","Aluminum","China","abs",39106831.4628724
"50","Aluminum","Iceland","ratio",780000
"50","Aluminum","Iceland","abs",2007975.46523633
"50","Aluminum","India","ratio",4200000
"50","Aluminum","India","abs",8000162.25588578
"50","Aluminum","Malaysia","ratio",870000
"50","Aluminum","Malaysia","abs",2184510.97647482
"50","Aluminum","Norway","ratio",1300000
"50","Aluminum","Norway","abs",3013244.2640678
"50","Aluminum","Russia","ratio",3800000
"50","Aluminum","Russia","abs",7371105.86574521
"50","Aluminum","UnitedArabEmirates","ratio",2700000
"50","Aluminum","UnitedArabEmirates","abs",5547213.87143736
"50","Aluminum","Othercountries","ratio",6800000
"50","Aluminum","Othercountries","abs",11691021.8479554
"50","Boron","China","ratio",340000
"50","Boron","China","abs",687033.97457374
"50","Boron","Russia","ratio",80000
"50","Boron","Russia","abs",233324.867807694
"50","Boron","Argentina","ratio",160000
"50","Boron","Argentina","abs",385362.130025742
"50","Boron","Bolivia","ratio",230000
"50","Boron","Bolivia","abs",509106.979152121
"50","Boron","Chile","ratio",420000
"50","Boron","Chile","abs",804717.79873586
"50","Boron","Germany","ratio",40000
"50","Boron","Germany","abs",152988.251444215
"50","Boron","Peru","ratio",300000
"50","Boron","Peru","abs",624579.653315762
"50","Boron","Turkey","ratio",3000000
"50","Boron","Turkey","abs",2793858.31050015
"50","Cadmium","UnitedStates","ratio",300
"50","Cadmium","UnitedStates","abs",570.971817728476
"50","Cadmium","Australia","ratio",900
"50","Cadmium","Australia","abs",1262.62078137481
"50","Cadmium","Canada","ratio",1700
"50","Cadmium","Canada","abs",2725.96029651085
"50","Cadmium","China","ratio",9300
"50","Cadmium","China","abs",9353.79339414731
"50","Cadmium","Norway","ratio",350
"50","Cadmium","Norway","abs",572.674994290146
"50","Cadmium","Russia","ratio",800
"50","Cadmium","Russia","abs",1530.04606830437
"50","Cadmium","Germany","ratio",170
"50","Cadmium","Germany","abs",315.197058114579
"50","Cadmium","Peru","ratio",620
"50","Cadmium","Peru","abs",892.286323506514
"50","Cadmium","Bulgaria","ratio",300
"50","Cadmium","Bulgaria","abs",557.53152578582
"50","Cadmium","Japan","ratio",1700
"50","Cadmium","Japan","abs",2769.41151038598
"50","Cadmium","Kazakhstan","ratio",1000
"50","Cadmium","Kazakhstan","abs",1969.08572458383
"50","Cadmium","RepublicofKorea","ratio",4500
"50","Cadmium","RepublicofKorea","abs",5931.16191195234
"50","Cadmium","Mexico","ratio",1200
"50","Cadmium","Mexico","abs",1656.50088709886
"50","Cadmium","Netherlands","ratio",400
"50","Cadmium","Netherlands","abs",769.57722424638
"50","Cadmium","Poland","ratio",250
"50","Cadmium","Poland","abs",372.91724067995
"50","Cadmium","Uzbekistan","ratio",200
"50","Cadmium","Uzbekistan","abs",227.157263801951
"50","Chromium","Brazil","ratio",1400000
"50","Chromium","Brazil","abs",2765547.94084176
"50","Chromium","India","ratio",4100000
"50","Chromium","India","abs",7337053.97321421
"50","Chromium","Othercountries","ratio",2900000
"50","Chromium","Othercountries","abs",5427865.35650396
"50","Chromium","Turkey","ratio",8000000
"50","Chromium","Turkey","abs",12257967.0741572
"50","Chromium","Kazakhstan","ratio",6500000
"50","Chromium","Kazakhstan","abs",10588518.8362214
"50","Chromium","Finland","ratio",1900000
"50","Chromium","Finland","abs",3687395.66870108
"50","Chromium","SouthAfrica","ratio",21000000
"50","Chromium","SouthAfrica","abs",18277853.3234083
"50","Chromium","Zimbabwe","ratio",1100000
"50","Chromium","Zimbabwe","abs",2195831.68640005
"50","Cobalt","UnitedStates","ratio",300
"50","Cobalt","UnitedStates","abs",19278.0040056054
"50","Cobalt","Australia","ratio",3600
"50","Cobalt","Australia","abs",22308.6159745894
"50","Cobalt","Canada","ratio",4500
"50","Cobalt","Canada","abs",23342.1616290746
"50","Cobalt","Russia","ratio",8700
"50","Cobalt","Russia","abs",27814.1874589469
"50","Cobalt","Othercountries","ratio",6200
"50","Cobalt","Othercountries","abs",25213.133424033
"50","Cobalt","Turkey","ratio",2700
"50","Cobalt","Turkey","abs",21239.8798124437
"50","Cobalt","Congo","ratio",220000
"50","Cobalt","Congo","abs",93023.9986183355
"50","Cobalt","Cuba","ratio",3500
"50","Cobalt","Cuba","abs",22191.6619426963
"50","Cobalt","Indonesia","ratio",28000
"50","Cobalt","Indonesia","abs",47256.9111262516
"50","Cobalt","Madagascar","ratio",2600
"50","Cobalt","Madagascar","abs",21118.8263706396
"50","Cobalt","NewCaledonia","ratio",1500
"50","Cobalt","NewCaledonia","abs",19754.2127531336
"50","Cobalt","PapuaNewGuinea","ratio",2800
"50","Cobalt","PapuaNewGuinea","abs",21360.5196609719
"50","Cobalt","Philippines","ratio",3800
"50","Cobalt","Philippines","abs",22541.1803737944
"50","Copper","UnitedStates","ratio",1100000
"50","Copper","UnitedStates","abs",1738176.85225336
"50","Copper","Australia","ratio",800000
"50","Copper","Australia","abs",1298606.06445173
"50","Copper","Canada","ratio",450000
"50","Copper","Canada","abs",753457.016837771
"50","Copper","China","ratio",1800000
"50","Copper","China","abs",2668203.0307873
"50","Copper","India","ratio",30000
"50","Copper","India","abs",52101.4842385711
"50","Copper","Russia","ratio",930000
"50","Copper","Russia","abs",1492185.60427664
"50","Copper","Othercountries","ratio",2700000
"50","Copper","Othercountries","abs",3679450.44721848
"50","Copper","Chile","ratio",5300000
"50","Copper","Chile","abs",5625273.35037328
"50","Copper","Peru","ratio",2600000
"50","Copper","Peru","abs",3576767.38818603
"50","Copper","Kazakhstan","ratio",740000
"50","Copper","Kazakhstan","abs",1207647.20307922
"50","Copper","Mexico","ratio",700000
"50","Copper","Mexico","abs",1146438.00165364
"50","Copper","Poland","ratio",410000
"50","Copper","Poland","abs",688898.678211764
"50","Copper","Congo","ratio",3300000
"50","Copper","Congo","abs",4247905.01281599
"50","Copper","Indonesia","ratio",1100000
"50","Copper","Indonesia","abs",1738176.85226397
"50","Copper","Zambia","ratio",680000
"50","Copper","Zambia","abs",1115661.87666625
"50","RareEarths","UnitedStates","ratio",45000
"50","RareEarths","UnitedStates","abs",80629.6551019044
"50","RareEarths","Australia","ratio",13000
"50","RareEarths","Australia","abs",30173.6526521989
"50","RareEarths","Brazil","ratio",20
"50","RareEarths","Brazil","abs",7632.81120583361
"50","RareEarths","China","ratio",270000
"50","RareEarths","China","abs",251024.150117928
"50","RareEarths","India","ratio",2900
"50","RareEarths","India","abs",10465.146921811
"50","RareEarths","Malaysia","ratio",130
"50","RareEarths","Malaysia","abs",4794.93407398766
"50","RareEarths","Russia","ratio",2500
"50","RareEarths","Russia","abs",9647.42156892396
"50","RareEarths","Othercountries","ratio",1100
"50","RareEarths","Othercountries","abs",6766.21976050365
"50","RareEarths","Madagascar","ratio",2000
"50","RareEarths","Madagascar","abs",8620.26413591217
"50","RareEarths","Burma","ratio",31000
"50","RareEarths","Burma","abs",60647.6524824405
"50","RareEarths","Nigeria","ratio",13000
"50","RareEarths","Nigeria","abs",30173.0927075549
"50","RareEarths","Thailand","ratio",13000
"50","RareEarths","Thailand","abs",30172.663445905
"50","RareEarths","Vietnam","ratio",300
"50","RareEarths","Vietnam","abs",5128.80781473117
"50","Lead","UnitedStates","ratio",300000
"50","Lead","UnitedStates","abs",526001.275019442
"50","Lead","Australia","ratio",430000
"50","Lead","Australia","abs",712910.269493168
"50","Lead","China","ratio",1900000
"50","Lead","China","abs",1572476.2334701
"50","Lead","India","ratio",220000
"50","Lead","India","abs",398874.051564105
"50","Lead","Russia","ratio",220000
"50","Lead","Russia","abs",398874.05203787
"50","Lead","Othercountries","ratio",520000
"50","Lead","Othercountries","abs",828529.868333879
"50","Lead","Bolivia","ratio",60000
"50","Lead","Bolivia","abs",116051.8042993
"50","Lead","Peru","ratio",270000
"50","Lead","Peru","abs",479426.828367225
"50","Lead","Turkey","ratio",70000
"50","Lead","Turkey","abs",134860.331483997
"50","Lead","Mexico","ratio",180000
"50","Lead","Mexico","abs",331769.434670457
"50","Lead","Iran","ratio",60000
"50","Lead","Iran","abs",116051.795228761
"50","Lead","Sweden","ratio",70000
"50","Lead","Sweden","abs",134860.333569038
"50","Lead","Tajikistan","ratio",40000
"50","Lead","Tajikistan","abs",77978.098423467
"50","Lithium","Australia","ratio",88000
"50","Lithium","Australia","abs",85595.272086641
"50","Lithium","Brazil","ratio",10000
"50","Lithium","Brazil","abs",18749.9560437215
"50","Lithium","Canada","ratio",4300
"50","Lithium","Canada","abs",8386.32230472334
"50","Lithium","China","ratio",41000
"50","Lithium","China","abs",60039.0061016463
"50","Lithium","Argentina","ratio",18000
"50","Lithium","Argentina","abs",31767.7836359214
"50","Lithium","Chile","ratio",49000
"50","Lithium","Chile","abs",67020.3460087428
"50","Lithium","Zimbabwe","ratio",22000
"50","Lithium","Zimbabwe","abs",37634.613759786
"50","Lithium","Namibia","ratio",2700
"50","Lithium","Namibia","abs",5288.88810832015
"50","Lithium","Portugal","ratio",380
"50","Lithium","Portugal","abs",699.031177676749
"50","Molybdenum","UnitedStates","ratio",33000
"50","Molybdenum","UnitedStates","abs",53489.3839247479
"50","Molybdenum","Australia","ratio",1000
"50","Molybdenum","Australia","abs",1976.03856528067
"50","Molybdenum","Canada","ratio",1200
"50","Molybdenum","Canada","abs",2314.7361791232
"50","Molybdenum","China","ratio",110000
"50","Molybdenum","China","abs",98373.9198776125
"50","Molybdenum","Russia","ratio",1700
"50","Molybdenum","Russia","abs",3305.57732076755
"50","Molybdenum","Chile","ratio",38000
"50","Molybdenum","Chile","abs",59388.3552414246
"50","Molybdenum","Peru","ratio",41000
"50","Molybdenum","Peru","abs",62611.8709639877
"50","Molybdenum","Kazakhstan","ratio",3900
"50","Molybdenum","Kazakhstan","abs",7693.69346055719
"50","Molybdenum","RepublicofKorea","ratio",300
"50","Molybdenum","RepublicofKorea","abs",600.723339300792
"50","Molybdenum","Mexico","ratio",17000
"50","Molybdenum","Mexico","abs",30801.4124578837
"50","Molybdenum","Uzbekistan","ratio",1700
"50","Molybdenum","Uzbekistan","abs",3305.51116032895
"50","Molybdenum","Iran","ratio",3000
"50","Molybdenum","Iran","abs",5960.07274878734
"50","Molybdenum","Armenia","ratio",8000
"50","Molybdenum","Armenia","abs",15391.5341485266
"50","Molybdenum","NorthKorea","ratio",700
"50","Molybdenum","NorthKorea","abs",1404.94634849747
"50","Molybdenum","Mongolia","ratio",3100
"50","Molybdenum","Mongolia","abs",6156.76876440423
"50","Nickel","UnitedStates","ratio",8000
"50","Nickel","UnitedStates","abs",118351.481126563
"50","Nickel","Australia","ratio",110000
"50","Nickel","Australia","abs",394327.930566133
"50","Nickel","Brazil","ratio",77000
"50","Nickel","Brazil","abs",327930.899852928
"50","Nickel","Canada","ratio",190000
"50","Nickel","Canada","abs",511267.683214318
"50","Nickel","China","ratio",120000
"50","Nickel","China","abs",411787.16437129
"50","Nickel","Russia","ratio",210000
"50","Nickel","Russia","abs",534650.004324909
"50","Nickel","Othercountries","ratio",300000
"50","Nickel","Othercountries","abs",625244.40296933
"50","Nickel","Indonesia","ratio",2200000
"50","Nickel","Indonesia","abs",884004.694623816
"50","Nickel","NewCaledonia","ratio",110000
"50","Nickel","NewCaledonia","abs",394327.992541215
"50","Nickel","Philippines","ratio",330000
"50","Nickel","Philippines","abs",652128.541871852
"50","Niobium","Brazil","ratio",100000
"50","Niobium","Brazil","abs",39058.6936617762
"50","Niobium","Canada","ratio",7100
"50","Niobium","Canada","abs",23552.4769384631
"50","Niobium","Russia","ratio",350
"50","Niobium","Russia","abs",20307.5310862219
"50","Niobium","Othercountries","ratio",120
"50","Niobium","Othercountries","abs",23331.2855289407
"50","Niobium","Congo","ratio",700
"50","Niobium","Congo","abs",19071.294714974
"50","Niobium","Rwanda","ratio",200
"50","Niobium","Rwanda","abs",21708.8718970986
"50","Selenium","Canada","ratio",130
"50","Selenium","Canada","abs",268.192533443742
"50","Selenium","China","ratio",1800
"50","Selenium","China","abs",1773.53977350822
"50","Selenium","India","ratio",14
"50","Selenium","India","abs",10.7749350366453
"50","Selenium","Russia","ratio",340
"50","Selenium","Russia","abs",627.574700675044
"50","Selenium","Germany","ratio",50
"50","Selenium","Germany","abs",38.6526871412072
"50","Selenium","Peru","ratio",50
"50","Selenium","Peru","abs",38.6532296557626
"50","Selenium","Turkey","ratio",50
"50","Selenium","Turkey","abs",38.6526871412072
"50","Selenium","Japan","ratio",710
"50","Selenium","Japan","abs",1181.20269462026
"50","Selenium","Poland","ratio",74
"50","Selenium","Poland","abs",57.3757151945947
"50","Selenium","Uzbekistan","ratio",2
"50","Selenium","Uzbekistan","abs",1.40374934268527
"50","Selenium","Finland","ratio",170
"50","Selenium","Finland","abs",307.960034333841
"50","Selenium","SouthAfrica","ratio",9
"50","Selenium","SouthAfrica","abs",6.24646773250635
"50","Selenium","Belgium","ratio",200
"50","Selenium","Belgium","abs",386.038644573142
"50","Selenium","Serbia","ratio",60
"50","Selenium","Serbia","abs",46.4404706338166
"50","Silicon","Brazil","ratio",200000
"50","Silicon","Brazil","abs",432112.879171341
"50","Silicon","Canada","ratio",20000
"50","Silicon","Canada","abs",89424.5586045193
"50","Silicon","China","ratio",3500000
"50","Silicon","China","abs",3233873.4402495
"50","Silicon","Iceland","ratio",70000
"50","Silicon","Iceland","abs",190404.288060516
"50","Silicon","India","ratio",60000
"50","Silicon","India","abs",170561.067010425
"50","Silicon","Malaysia","ratio",130000
"50","Silicon","Malaysia","abs",305669.426940905
"50","Silicon","Norway","ratio",180000
"50","Silicon","Norway","abs",396846.781904395
"50","Silicon","Russia","ratio",470000
"50","Silicon","Russia","abs",847870.622917259
"50","Silicon","Othercountries","ratio",130000
"50","Silicon","Othercountries","abs",305669.464882159
"50","Silicon","Kazakhstan","ratio",130000
"50","Silicon","Kazakhstan","abs",305669.422737758
"50","Silicon","Poland","ratio",30000
"50","Silicon","Poland","abs",109959.346846537
"50","Silicon","SouthAfrica","ratio",40000
"50","Silicon","SouthAfrica","abs",130334.955331125
"50","Silicon","France","ratio",20000
"50","Silicon","France","abs",89424.5548248673
"50","Silicon","Bhutan","ratio",80000
"50","Silicon","Bhutan","abs",210066.245242536
"50","Silicon","Spain","ratio",40000
"50","Silicon","Spain","abs",130334.959249068
"50","Tantalum","Australia","ratio",52
"50","Tantalum","Australia","abs",40.0602241544505
"50","Tantalum","Brazil","ratio",210
"50","Tantalum","Brazil","abs",367.552072757476
"50","Tantalum","China","ratio",76
"50","Tantalum","China","abs",72.2929916202477
"50","Tantalum","Russia","ratio",29
"50","Tantalum","Russia","abs",22.2310461180158
"50","Tantalum","Bolivia","ratio",2
"50","Tantalum","Bolivia","abs",1.45047303434781
"50","Tantalum","Congo","ratio",880
"50","Tantalum","Congo","abs",972.630944066829
"50","Tantalum","Nigeria","ratio",390
"50","Tantalum","Nigeria","abs",598.942561724886
"50","Tantalum","Rwanda","ratio",350
"50","Tantalum","Rwanda","abs",584.015628503421
"50","Tantalum","Burundi","ratio",2
"50","Tantalum","Burundi","abs",1.45065854805189
"50","Tantalum","Ethiopia","ratio",40
"50","Tantalum","Ethiopia","abs",30.7360414975278
"50","Tantalum","Mozambique","ratio",55
"50","Tantalum","Mozambique","abs",42.3988128493349
"50","Tellurium","Canada","ratio",27
"50","Tellurium","Canada","abs",19.3597262561932
"50","Tellurium","China","ratio",750
"50","Tellurium","China","abs",522.5579648248
"50","Tellurium","Russia","ratio",70
"50","Tellurium","Russia","abs",258.746058899079
"50","Tellurium","Bulgaria","ratio",1
"50","Tellurium","Bulgaria","abs",0.673901890668715
"50","Tellurium","Japan","ratio",70
"50","Tellurium","Japan","abs",258.802900697006
"50","Tellurium","Uzbekistan","ratio",13
"50","Tellurium","Uzbekistan","abs",9.26573957639726
"50","Tellurium","SouthAfrica","ratio",4
"50","Tellurium","SouthAfrica","abs",2.8401027866351
"50","Tellurium","Sweden","ratio",46
"50","Tellurium","Sweden","abs",242.586541163095
"50","Tin","Australia","ratio",9900
"50","Tin","Australia","abs",16434.2048478819
"50","Tin","Brazil","ratio",29000
"50","Tin","Brazil","abs",42198.7912956181
"50","Tin","China","ratio",69000
"50","Tin","China","abs",75074.1274918547
"50","Tin","Malaysia","ratio",3000
"50","Tin","Malaysia","abs",5211.56477682682
"50","Tin","Russia","ratio",3000
"50","Tin","Russia","abs",5213.31474721644
"50","Tin","Othercountries","ratio",1800
"50","Tin","Othercountries","abs",3152.59292269173
"50","Tin","Bolivia","ratio",21000
"50","Tin","Bolivia","abs",32317.8605453382
"50","Tin","Peru","ratio",31000
"50","Tin","Peru","abs",44475.1874936694
"50","Tin","Congo","ratio",25000
"50","Tin","Congo","abs",37416.2410566492
"50","Tin","Indonesia","ratio",50000
"50","Tin","Indonesia","abs",62552.6661801214
"50","Tin","Burma","ratio",34000
"50","Tin","Burma","abs",47749.013411545
"50","Tin","Nigeria","ratio",7000
"50","Tin","Nigeria","abs",11847.156188589
"50","Tin","Vietnam","ratio",6700
"50","Tin","Vietnam","abs",11360.5960960399
"50","Tin","Rwanda","ratio",3600
"50","Tin","Rwanda","abs",6231.38744774761
"50","Tin","Laos","ratio",1500
"50","Tin","Laos","abs",2632.33996566042
"50","Tungsten","Australia","ratio",1000
"50","Tungsten","Australia","abs",7169.30611184813
"50","Tungsten","China","ratio",67000
"50","Tungsten","China","abs",25329.9957497612
"50","Tungsten","Russia","ratio",2000
"50","Tungsten","Russia","abs",10212.0239725761
"50","Tungsten","Othercountries","ratio",1500
"50","Tungsten","Othercountries","abs",8739.27227635583
"50","Tungsten","Bolivia","ratio",1600
"50","Tungsten","Bolivia","abs",9041.21471418366
"50","Tungsten","Vietnam","ratio",3400
"50","Tungsten","Vietnam","abs",13880.0376925885
"50","Tungsten","Portugal","ratio",500
"50","Tungsten","Portugal","abs",5497.28633786635
"50","Tungsten","NorthKorea","ratio",1700
"50","Tungsten","NorthKorea","abs",9339.34255912441
"50","Tungsten","Rwanda","ratio",1200
"50","Tungsten","Rwanda","abs",7807.74385535145
"50","Tungsten","Spain","ratio",700
"50","Tungsten","Spain","abs",6187.20258455803
"50","Tungsten","Austia","ratio",800
"50","Tungsten","Austia","abs",6522.09720967602
"50","Vanadium","Brazil","ratio",5000
"50","Vanadium","Brazil","abs",22168.9012519718
"50","Vanadium","China","ratio",70000
"50","Vanadium","China","abs",57929.3059055272
"50","Vanadium","Russia","ratio",21000
"50","Vanadium","Russia","abs",33664.2678629009
"50","Vanadium","SouthAfrica","ratio",8000
"50","Vanadium","SouthAfrica","abs",24587.8521878356
"50","MagnesiumMetal","Brazil","ratio",20000
"50","MagnesiumMetal","Brazil","abs",69539.8471919556
"50","MagnesiumMetal","China","ratio",950000
"50","MagnesiumMetal","China","abs",1039433.95206342
"50","MagnesiumMetal","Russia","ratio",15000
"50","MagnesiumMetal","Russia","abs",60567.2680538075
"50","MagnesiumMetal","Turkey","ratio",15000
"50","MagnesiumMetal","Turkey","abs",60567.2791889699
"50","MagnesiumMetal","Kazakhstan","ratio",20000
"50","MagnesiumMetal","Kazakhstan","abs",69539.8362571015
"50","MagnesiumMetal","Iran","ratio",5000
"50","MagnesiumMetal","Iran","abs",42918.1262025864
"50","MagnesiumMetal","Israel","ratio",20000
"50","MagnesiumMetal","Israel","abs",69539.8060790506
"50","MagnesiumCompounds","Australia","ratio",490000
"50","MagnesiumCompounds","Australia","abs",1086037.49759873
"50","MagnesiumCompounds","Brazil","ratio",1800000
"50","MagnesiumCompounds","Brazil","abs",3203420.42132363
"50","MagnesiumCompounds","Canada","ratio",150000
"50","MagnesiumCompounds","Canada","abs",424459.661087178
"50","MagnesiumCompounds","China","ratio",13000000
"50","MagnesiumCompounds","China","abs",11959353.582869
"50","MagnesiumCompounds","India","ratio",160000
"50","MagnesiumCompounds","India","abs",444640.663051804
"50","MagnesiumCompounds","Russia","ratio",2500000
"50","MagnesiumCompounds","Russia","abs",4104243.74328617
"50","MagnesiumCompounds","Othercountries","ratio",370000
"50","MagnesiumCompounds","Othercountries","abs",858289.891869096
"50","MagnesiumCompounds","Turkey","ratio",1300000
"50","MagnesiumCompounds","Turkey","abs",2469447.4879628
"50","MagnesiumCompounds","Iran","ratio",210000
"50","MagnesiumCompounds","Iran","abs",544886.335852237
"50","MagnesiumCompounds","Spain","ratio",670000
"50","MagnesiumCompounds","Spain","abs",1416177.58412687
"50","MagnesiumCompounds","Austria","ratio",760000
"50","MagnesiumCompounds","Austria","abs",1576196.74849706
"50","MagnesiumCompounds","Greece","ratio",390000
"50","MagnesiumCompounds","Greece","abs",896679.332129663
"50","MagnesiumCompounds","Slovakia","ratio",380000
"50","MagnesiumCompounds","Slovakia","abs",877506.334495734
"50","Manganese","Australia","ratio",2800000
"50","Manganese","Australia","abs",4312162.54698705
"50","Manganese","Brazil","ratio",590000
"50","Manganese","Brazil","abs",1117149.26071158
"50","Manganese","China","ratio",770000
"50","Manganese","China","abs",1435064.55287395
"50","Manganese","India","ratio",800000
"50","Manganese","India","abs",1487017.71818016
"50","Manganese","Malaysia","ratio",410000
"50","Manganese","Malaysia","abs",788563.357255382
"50","Manganese","Othercountries","ratio",1300000
"50","Manganese","Othercountries","abs",2309904.88338256
"50","Manganese","SouthAfrica","ratio",7400000
"50","Manganese","SouthAfrica","abs",7068644.16171109
"50","Manganese","Cotedivoire","ratio",360000
"50","Manganese","Cotedivoire","abs",695387.774809059
"50","Manganese","Gabon","ratio",4600000
"50","Manganese","Gabon","abs",5898983.49244953
"50","Manganese","Ghana","ratio",820000
"50","Manganese","Ghana","abs",1521489.7240231
"50","Zinc","UnitedStates","ratio",750000
"50","Zinc","UnitedStates","abs",1232033.79647
"50","Zinc","Australia","ratio",1100000
"50","Zinc","Australia","abs",1705125.99397245
"50","Zinc","China","ratio",4000000
"50","Zinc","China","abs",3715495.94996439
"50","Zinc","India","ratio",860000
"50","Zinc","India","abs",1387429.26429377
"50","Zinc","Russia","ratio",310000
"50","Zinc","Russia","abs",546522.910313719
"50","Zinc","Othercountries","ratio",1700000
"50","Zinc","Othercountries","abs",2378376.2551306
"50","Zinc","Bolivia","ratio",510000
"50","Zinc","Bolivia","abs",870994.587396077
"50","Zinc","Peru","ratio",1300000
"50","Zinc","Peru","abs",1948200.59413318
"50","Zinc","Kazakhstan","ratio",370000
"50","Zinc","Kazakhstan","abs",646151.893457326
"50","Zinc","Mexico","ratio",700000
"50","Zinc","Mexico","abs",1159323.57178255
"50","Zinc","SouthAfrica","ratio",120000
"50","Zinc","SouthAfrica","abs",217920.876105198
"50","Zinc","Sweden","ratio",240000
"50","Zinc","Sweden","abs",427787.158523211
"50","Zirconiummineralconcentrates","UnitedStates","ratio",100000
"50","Zirconiummineralconcentrates","UnitedStates","abs",167351.795366562
"50","Zirconiummineralconcentrates","Australia","ratio",500000
"50","Zirconiummineralconcentrates","Australia","abs",480527.915137806
"50","Zirconiummineralconcentrates","China","ratio",100000
"50","Zirconiummineralconcentrates","China","abs",167351.791947407
"50","Zirconiummineralconcentrates","Othercountries","ratio",110000
"50","Zirconiummineralconcentrates","Othercountries","abs",181730.151265674
"50","Zirconiummineralconcentrates","SouthAfrica","ratio",300000
"50","Zirconiummineralconcentrates","SouthAfrica","abs",382977.51955342
"50","Zirconiummineralconcentrates","Indonesia","ratio",95000
"50","Zirconiummineralconcentrates","Indonesia","abs",160006.619038339
"50","Zirconiummineralconcentrates","Madagascar","ratio",30000
"50","Zirconiummineralconcentrates","Madagascar","abs",54804.4066818305
"50","Zirconiummineralconcentrates","Mozambique","ratio",160000
"50","Zirconiummineralconcentrates","Mozambique","abs",247540.388973229
"50","Zirconiummineralconcentrates","Kenya","ratio",20000
"50","Zirconiummineralconcentrates","Kenya","abs",36982.200626851
"50","Zirconiummineralconcentrates","Senegal","ratio",60000
"50","Zirconiummineralconcentrates","Senegal","abs",105628.071797542
"50","Zirconiummineralconcentrates","SierraLeone","ratio",20000
"50","Zirconiummineralconcentrates","SierraLeone","abs",36982.1953862558
"50","Alumina","UnitedStates","ratio",720000
"50","Alumina","UnitedStates","abs",2028264.49749478
"50","Alumina","Australia","ratio",18000000
"50","Alumina","Australia","abs",28514306.7701918
"50","Alumina","Brazil","ratio",11000000
"50","Alumina","Brazil","abs",19701529.1723694
"50","Alumina","Canada","ratio",1500000
"50","Alumina","Canada","abs",3613990.39168986
"50","Alumina","China","ratio",84000000
"50","Alumina","China","abs",76599647.1491854
"50","Alumina","India","ratio",7600000
"50","Alumina","India","abs",14577970.5883398
"50","Alumina","Russia","ratio",2900000
"50","Alumina","Russia","abs",6351386.20910904
"50","Alumina","UnitedArabEmirates","ratio",2400000
"50","Alumina","UnitedArabEmirates","abs",5389610.88963178
"50","Alumina","Othercountries","ratio",1500000
"50","Alumina","Othercountries","abs",3613990.39771905
"50","Alumina","Germany","ratio",960000
"50","Alumina","Germany","abs",2520841.77802761
"50","Alumina","Turkey","ratio",320000
"50","Alumina","Turkey","abs",1198194.54806781
"50","Alumina","Kazakhstan","ratio",1400000
"50","Alumina","Kazakhstan","abs",3413135.84922692
"50","Alumina","Indonesia","ratio",1300000
"50","Alumina","Indonesia","abs",3211563.93917676
"50","Alumina","Vietnam","ratio",1500000
"50","Alumina","Vietnam","abs",3613990.40280957
"50","Alumina","Spain","ratio",820000
"50","Alumina","Spain","abs",2234008.34017506
"50","Alumina","Greece","ratio",860000
"50","Alumina","Greece","abs",2316104.66810219
"50","Alumina","Guinea","ratio",300000
"50","Alumina","Guinea","abs",1156403.44771854
"50","Alumina","Ireland","ratio",1600000
"50","Alumina","Ireland","abs",3814128.69939473
"50","Alumina","Jamaica","ratio",1500000
"50","Alumina","Jamaica","abs",3613990.4012891
"50","Alumina","SaudiArabia","ratio",1800000
"50","Alumina","SaudiArabia","abs",4212261.51783223
"50","Bauxite","Australia","ratio",100000000
"50","Bauxite","Australia","abs",124433270.72049
"50","Bauxite","Brazil","ratio",33000000
"50","Bauxite","Brazil","abs",55446223.9370639
"50","Bauxite","China","ratio",93000000
"50","Bauxite","China","abs",119549663.898947
"50","Bauxite","India","ratio",25000000
"50","Bauxite","India","abs",43436858.5359876
"50","Bauxite","Russia","ratio",6300000
"50","Bauxite","Russia","abs",11807307.6698412
"50","Bauxite","Othercountries","ratio",5700000
"50","Bauxite","Othercountries","abs",10708100.4108331
"50","Bauxite","Turkey","ratio",3200000
"50","Bauxite","Turkey","abs",6070831.67864398
"50","Bauxite","Kazakhstan","ratio",4900000
"50","Bauxite","Kazakhstan","abs",9234226.09857982
"50","Bauxite","Indonesia","ratio",32000000
"50","Bauxite","Indonesia","abs",53993699.6014239
"50","Bauxite","Vietnam","ratio",4200000
"50","Bauxite","Vietnam","abs",7936829.49232356
"50","Bauxite","Greece","ratio",1200000
"50","Bauxite","Greece","abs",2294378.4656933
"50","Bauxite","Guinea","ratio",130000000
"50","Bauxite","Guinea","abs",140535259.83141
"50","Bauxite","Jamaica","ratio",6100000
"50","Bauxite","Jamaica","abs",11441495.2039471
"50","Bauxite","SaudiArabia","ratio",5800000
"50","Bauxite","SaudiArabia","abs",10891670.4012877
